"x","y"
"3338.21167","-1.57E-14"
"3340.044433","4.25E-14"
"3341.877196","2.57E-14"
"3343.709959","2.92E-14"
"3345.542722","3.62E-14"
"3347.375485","-2.95E-15"
"3349.208247","6.18E-15"
"3351.04101","1.35E-14"
"3352.873773","1.16E-14"
"3354.706536","2.15E-14"
"3356.539299","3.63E-14"
"3358.372062","3.99E-14"
"3360.204825","3.01E-14"
"3362.037588","4.34E-15"
"3363.870351","1.23E-14"
"3365.703114","3.19E-15"
"3367.535877","2.81E-16"
"3369.36864","1.91E-14"
"3371.201403","3.47E-14"
"3373.034165","3.04E-14"
"3374.866928","2.93E-14"
"3376.699691","2.32E-14"
"3378.532454","2.10E-14"
"3380.365217","2.57E-14"
"3382.19798","2.87E-14"
"3384.030743","1.67E-14"
"3385.863506","1.99E-14"
"3387.696269","1.34E-14"
"3389.529032","9.71E-15"
"3391.361795","3.45E-15"
"3393.194558","1.85E-14"
"3395.027321","2.60E-14"
"3396.860084","2.22E-14"
"3398.692846","2.36E-14"
"3400.525609","2.58E-14"
"3402.358372","1.98E-14"
"3404.191135","2.14E-14"
"3406.023898","2.54E-14"
"3407.856661","2.19E-14"
"3409.689424","2.00E-14"
"3411.522187","1.73E-14"
"3413.35495","1.49E-14"
"3415.187713","2.17E-14"
"3417.020476","1.87E-14"
"3418.853239","2.52E-14"
"3420.686002","2.25E-14"
"3422.518764","1.95E-14"
"3424.351527","1.81E-14"
"3426.18429","8.35E-15"
"3428.017053","1.01E-14"
"3429.849816","1.30E-14"
"3431.682579","2.76E-14"
"3433.515342","2.88E-14"
"3435.348105","1.89E-14"
"3437.180868","1.80E-14"
"3439.013631","2.57E-14"
"3440.846394","1.87E-14"
"3442.679157","1.88E-14"
"3444.51192","2.55E-14"
"3446.344683","2.79E-14"
"3448.177445","2.12E-14"
"3450.010208","2.18E-14"
"3451.842971","2.51E-14"
"3453.675734","2.16E-14"
"3455.508497","1.90E-14"
"3457.34126","1.69E-14"
"3459.174023","2.27E-14"
"3461.006786","2.15E-14"
"3462.839549","1.56E-14"
"3464.672312","1.95E-14"
"3466.505075","2.29E-14"
"3468.337838","1.87E-14"
"3470.170601","1.97E-14"
"3472.003363","2.12E-14"
"3473.836126","2.30E-14"
"3475.668889","2.03E-14"
"3477.501652","1.56E-14"
"3479.334415","1.66E-14"
"3481.167178","1.89E-14"
"3482.999941","2.16E-14"
"3484.832704","1.90E-14"
"3486.665467","1.73E-14"
"3488.49823","1.85E-14"
"3490.330993","2.11E-14"
"3492.163756","1.97E-14"
"3493.996519","2.15E-14"
"3495.829281","2.03E-14"
"3497.662044","2.09E-14"
"3499.494807","1.94E-14"
"3501.32757","1.73E-14"
"3503.160333","1.79E-14"
"3504.993096","1.83E-14"
"3506.825859","1.81E-14"
"3508.658622","1.97E-14"
"3510.491385","1.89E-14"
"3512.324148","1.76E-14"
"3514.156911","2.30E-14"
"3515.989674","1.98E-14"
"3517.822437","1.62E-14"
"3519.6552","1.52E-14"
"3521.487962","1.85E-14"
"3523.320725","2.03E-14"
"3525.153488","1.85E-14"
"3526.986251","1.63E-14"
"3528.819014","1.69E-14"
"3530.651777","1.91E-14"
"3532.48454","2.05E-14"
"3534.317303","1.77E-14"
"3536.150066","1.92E-14"
"3537.982829","2.03E-14"
"3539.815592","2.05E-14"
"3541.648355","2.14E-14"
"3543.481118","1.68E-14"
"3545.31388","1.62E-14"
"3547.146643","1.73E-14"
"3548.979406","1.71E-14"
"3550.812169","1.84E-14"
"3552.644932","1.84E-14"
"3554.477695","1.65E-14"
"3556.310458","1.81E-14"
"3558.143221","1.79E-14"
"3559.975984","1.65E-14"
"3561.808747","1.82E-14"
"3563.64151","1.85E-14"
"3565.474273","1.80E-14"
"3567.307036","1.76E-14"
"3569.139798","1.85E-14"
"3570.972561","1.70E-14"
"3572.805324","2.03E-14"
"3574.638087","1.72E-14"
"3576.47085","1.76E-14"
"3578.303613","1.78E-14"
"3580.136376","1.56E-14"
"3581.969139","1.79E-14"
"3583.801902","1.92E-14"
"3585.634665","2.00E-14"
"3587.467428","2.03E-14"
"3589.300191","2.02E-14"
"3591.132954","2.09E-14"
"3592.965717","1.71E-14"
"3594.798479","1.62E-14"
"3596.631242","1.89E-14"
"3598.464005","1.76E-14"
"3600.296768","1.81E-14"
"3602.129531","1.89E-14"
"3603.962294","1.95E-14"
"3605.795057","2.08E-14"
"3607.62782","1.96E-14"
"3609.460583","1.88E-14"
"3611.293346","1.93E-14"
"3613.126109","2.01E-14"
"3614.958872","2.11E-14"
"3616.791635","1.73E-14"
"3618.624397","1.92E-14"
"3620.45716","1.90E-14"
"3622.289923","2.03E-14"
"3624.122686","1.81E-14"
"3625.955449","1.48E-14"
"3627.788212","1.69E-14"
"3629.620975","1.82E-14"
"3631.453738","1.60E-14"
"3633.286501","1.67E-14"
"3635.119264","2.27E-14"
"3636.952027","2.00E-14"
"3638.78479","1.74E-14"
"3640.617553","1.56E-14"
"3642.450315","1.56E-14"
"3644.283078","1.76E-14"
"3646.115841","1.92E-14"
"3647.948604","1.76E-14"
"3649.781367","1.75E-14"
"3651.61413","1.87E-14"
"3653.446893","1.76E-14"
"3655.279656","1.40E-14"
"3657.112419","1.62E-14"
"3658.945182","1.62E-14"
"3660.777945","1.40E-14"
"3662.610708","1.35E-14"
"3664.443471","1.52E-14"
"3666.276234","1.62E-14"
"3668.108996","1.40E-14"
"3669.941759","1.43E-14"
"3671.774522","1.48E-14"
"3673.607285","1.35E-14"
"3675.440048","1.38E-14"
"3677.272811","1.45E-14"
"3679.105574","1.42E-14"
"3680.938337","1.62E-14"
"3682.7711","1.61E-14"
"3684.603863","1.33E-14"
"3686.436626","1.57E-14"
"3688.269389","1.45E-14"
"3690.102152","1.56E-14"
"3691.934914","1.23E-14"
"3693.767677","1.37E-14"
"3695.60044","1.54E-14"
"3697.433203","1.42E-14"
"3699.265966","1.46E-14"
"3701.098729","1.48E-14"
"3702.931492","1.50E-14"
"3704.764255","1.71E-14"
"3706.597018","1.62E-14"
"3708.429781","1.46E-14"
"3710.262544","1.38E-14"
"3712.095307","1.51E-14"
"3713.92807","1.64E-14"
"3715.760832","1.33E-14"
"3717.593595","1.15E-14"
"3719.426358","1.34E-14"
"3721.259121","2.16E-14"
"3723.091884","5.19E-14"
"3724.924647","1.32E-13"
"3726.75741","2.12E-13"
"3728.590173","2.26E-13"
"3730.422936","1.66E-13"
"3732.255699","8.80E-14"
"3734.088462","4.08E-14"
"3735.921225","2.35E-14"
"3737.753988","1.71E-14"
"3739.586751","1.16E-14"
"3741.419513","1.02E-14"
"3743.252276","1.06E-14"
"3745.085039","8.70E-15"
"3746.917802","1.16E-14"
"3748.750565","1.59E-14"
"3750.583328","1.92E-14"
"3752.416091","1.85E-14"
"3754.248854","1.42E-14"
"3756.081617","1.06E-14"
"3757.91438","9.92E-15"
"3759.747143","8.22E-15"
"3761.579906","8.34E-15"
"3763.412669","1.00E-14"
"3765.245431","9.38E-15"
"3767.078194","9.74E-15"
"3768.910957","1.41E-14"
"3770.74372","2.17E-14"
"3772.576483","2.18E-14"
"3774.409246","1.71E-14"
"3776.242009","1.25E-14"
"3778.074772","9.89E-15"
"3779.907535","1.02E-14"
"3781.740298","8.69E-15"
"3783.573061","9.32E-15"
"3785.405824","7.87E-15"
"3787.238587","7.79E-15"
"3789.071349","8.57E-15"
"3790.904112","8.15E-15"
"3792.736875","9.09E-15"
"3794.569638","1.12E-14"
"3796.402401","1.69E-14"
"3798.235164","2.34E-14"
"3800.067927","2.35E-14"
"3801.90069","1.71E-14"
"3803.733453","1.19E-14"
"3805.566216","1.01E-14"
"3807.398979","1.05E-14"
"3809.231742","9.61E-15"
"3811.064505","8.44E-15"
"3812.897268","8.83E-15"
"3814.73003","8.51E-15"
"3816.562793","9.32E-15"
"3818.395556","1.17E-14"
"3820.228319","1.38E-14"
"3822.061082","1.33E-14"
"3823.893845","1.06E-14"
"3825.726608","8.99E-15"
"3827.559371","8.93E-15"
"3829.392134","9.56E-15"
"3831.224897","1.01E-14"
"3833.05766","1.69E-14"
"3834.890423","2.72E-14"
"3836.723186","3.14E-14"
"3838.555948","2.54E-14"
"3840.388711","1.54E-14"
"3842.221474","1.05E-14"
"3844.054237","8.80E-15"
"3845.887","8.77E-15"
"3847.719763","9.42E-15"
"3849.552526","8.49E-15"
"3851.385289","9.01E-15"
"3853.218052","9.45E-15"
"3855.050815","8.67E-15"
"3856.883578","9.47E-15"
"3858.716341","8.67E-15"
"3860.549104","8.95E-15"
"3862.381866","1.02E-14"
"3864.214629","1.22E-14"
"3866.047392","3.55E-14"
"3867.880155","7.97E-14"
"3869.712918","1.03E-13"
"3871.545681","8.33E-14"
"3873.378444","4.33E-14"
"3875.211207","1.74E-14"
"3877.04397","1.10E-14"
"3878.876733","9.25E-15"
"3880.709496","9.19E-15"
"3882.542259","9.49E-15"
"3884.375022","1.07E-14"
"3886.207785","2.42E-14"
"3888.040547","5.17E-14"
"3889.87331","6.56E-14"
"3891.706073","5.24E-14"
"3893.538836","2.79E-14"
"3895.371599","1.36E-14"
"3897.204362","9.50E-15"
"3899.037125","8.71E-15"
"3900.869888","8.19E-15"
"3902.702651","8.26E-15"
"3904.535414","8.83E-15"
"3906.368177","9.05E-15"
"3908.20094","8.21E-15"
"3910.033703","8.30E-15"
"3911.866465","8.93E-15"
"3913.699228","8.38E-15"
"3915.531991","8.03E-15"
"3917.364754","8.35E-15"
"3919.197517","8.02E-15"
"3921.03028","8.19E-15"
"3922.863043","9.14E-15"
"3924.695806","8.58E-15"
"3926.528569","8.22E-15"
"3928.361332","8.26E-15"
"3930.194095","7.46E-15"
"3932.026858","7.59E-15"
"3933.859621","7.65E-15"
"3935.692383","7.66E-15"
"3937.525146","8.12E-15"
"3939.357909","8.25E-15"
"3941.190672","7.64E-15"
"3943.023435","7.35E-15"
"3944.856198","7.41E-15"
"3946.688961","7.80E-15"
"3948.521724","7.99E-15"
"3950.354487","8.24E-15"
"3952.18725","8.13E-15"
"3954.020013","7.80E-15"
"3955.852776","8.36E-15"
"3957.685539","8.00E-15"
"3959.518302","7.99E-15"
"3961.351064","8.76E-15"
"3963.183827","1.12E-14"
"3965.01659","1.72E-14"
"3966.849353","3.16E-14"
"3968.682116","5.55E-14"
"3970.514879","6.83E-14"
"3972.347642","5.66E-14"
"3974.180405","3.30E-14"
"3976.013168","1.52E-14"
"3977.845931","9.56E-15"
"3979.678694","7.59E-15"
"3981.511457","7.56E-15"
"3983.34422","7.37E-15"
"3985.176982","8.15E-15"
"3987.009745","8.02E-15"
"3988.842508","7.53E-15"
"3990.675271","6.97E-15"
"3992.508034","7.48E-15"
"3994.340797","7.21E-15"
"3996.17356","7.54E-15"
"3998.006323","7.29E-15"
"3999.839086","7.26E-15"
"4001.671849","6.96E-15"
"4003.504612","7.02E-15"
"4005.337375","7.68E-15"
"4007.170138","7.55E-15"
"4009.0029","7.77E-15"
"4010.835663","8.09E-15"
"4012.668426","7.33E-15"
"4014.501189","7.22E-15"
"4016.333952","7.56E-15"
"4018.166715","7.21E-15"
"4019.999478","7.41E-15"
"4021.832241","7.27E-15"
"4023.665004","9.32E-15"
"4025.497767","1.23E-14"
"4027.33053","1.38E-14"
"4029.163293","1.30E-14"
"4030.996056","9.78E-15"
"4032.828819","7.63E-15"
"4034.661581","6.95E-15"
"4036.494344","6.67E-15"
"4038.327107","6.68E-15"
"4040.15987","6.48E-15"
"4041.992633","4.02E-15"
"4043.82539607","3.110E-16"
"4045.658159","6.39E-15"
"4047.490922","6.40E-15"
"4049.323685","6.81E-15"
"4051.156448","7.20E-15"
"4052.989211","6.94E-15"
"4054.821974","7.28E-15"
"4056.654737","6.74E-15"
"4058.487499","6.90E-15"
"4060.320262","6.68E-15"
"4062.153025","7.08E-15"
"4063.985788","7.41E-15"
"4065.818551","8.18E-15"
"4067.651314","9.81E-15"
"4069.484077","1.03E-14"
"4071.31684","9.95E-15"
"4073.149603","9.02E-15"
"4074.982366","8.11E-15"
"4076.815129","8.42E-15"
"4078.647892","8.33E-15"
"4080.480655","7.26E-15"
"4082.313417","7.09E-15"
"4084.14618","7.56E-15"
"4085.978943","7.06E-15"
"4087.811706","7.17E-15"
"4089.644469","7.01E-15"
"4091.477232","7.40E-15"
"4093.309995","6.77E-15"
"4095.142758","6.77E-15"
"4096.975521","8.53E-15"
"4098.808284","2.50E-14"
"4100.641047","6.39E-14"
"4102.47381","8.77E-14"
"4104.306573","7.48E-14"
"4106.139336","3.79E-14"
"4107.972098","1.47E-14"
"4109.804861","9.13E-15"
"4111.637624","7.37E-15"
"4113.470387","6.89E-15"
"4115.30315","7.08E-15"
"4117.135913","7.73E-15"
"4118.968676","7.87E-15"
"4120.801439","8.05E-15"
"4122.634202","8.25E-15"
"4124.466965","7.21E-15"
"4126.299728","7.06E-15"
"4128.132491","6.98E-15"
"4129.965254","6.89E-15"
"4131.798016","7.34E-15"
"4133.630779","7.45E-15"
"4135.463542","7.43E-15"
"4137.296305","7.42E-15"
"4139.129068","7.26E-15"
"4140.961831","7.48E-15"
"4142.794594","7.52E-15"
"4144.627357","8.21E-15"
"4146.46012","7.86E-15"
"4148.292883","7.61E-15"
"4150.125646","7.19E-15"
"4151.958409","7.07E-15"
"4153.791172","7.24E-15"
"4155.623934","6.73E-15"
"4157.456697","6.79E-15"
"4159.28946","6.77E-15"
"4161.122223","6.59E-15"
"4162.954986","6.49E-15"
"4164.787749","6.36E-15"
"4166.620512","6.82E-15"
"4168.453275","6.81E-15"
"4170.286038","6.86E-15"
"4172.118801","7.06E-15"
"4173.951564","7.09E-15"
"4175.784327","6.91E-15"
"4177.61709","7.15E-15"
"4179.449853","6.99E-15"
"4181.282615","6.56E-15"
"4183.115378","6.78E-15"
"4184.948141","7.24E-15"
"4186.780904","6.99E-15"
"4188.613667","6.68E-15"
"4190.44643","7.20E-15"
"4192.279193","6.81E-15"
"4194.111956","6.40E-15"
"4195.944719","6.47E-15"
"4197.777482","6.39E-15"
"4199.610245","6.44E-15"
"4201.443008","6.56E-15"
"4203.275771","7.07E-15"
"4205.108533","6.53E-15"
"4206.941296","6.30E-15"
"4208.774059","6.94E-15"
"4210.606822","7.10E-15"
"4212.439585","7.37E-15"
"4214.272348","6.82E-15"
"4216.105111","6.61E-15"
"4217.937874","6.80E-15"
"4219.770637","6.32E-15"
"4221.6034","6.71E-15"
"4223.436163","6.67E-15"
"4225.268926","6.65E-15"
"4227.101689","6.70E-15"
"4228.934452","6.67E-15"
"4230.767214","6.96E-15"
"4232.599977","6.42E-15"
"4234.43274","6.21E-15"
"4236.265503","6.39E-15"
"4238.098266","6.47E-15"
"4239.931029","6.74E-15"
"4241.763792","6.68E-15"
"4243.596555","6.42E-15"
"4245.429318","6.56E-15"
"4247.262081","6.79E-15"
"4249.094844","6.71E-15"
"4250.927607","6.30E-15"
"4252.76037","6.33E-15"
"4254.593132","6.86E-15"
"4256.425895","6.76E-15"
"4258.258658","6.34E-15"
"4260.091421","6.67E-15"
"4261.924184","6.51E-15"
"4263.756947","6.79E-15"
"4265.58971","7.79E-15"
"4267.422473","7.81E-15"
"4269.255236","7.56E-15"
"4271.087999","7.27E-15"
"4272.920762","6.65E-15"
"4274.753525","6.54E-15"
"4276.586288","6.49E-15"
"4278.41905","6.54E-15"
"4280.251813","6.56E-15"
"4282.084576","6.08E-15"
"4283.917339","6.27E-15"
"4285.750102","6.35E-15"
"4287.582865","6.10E-15"
"4289.415628","5.94E-15"
"4291.248391","6.18E-15"
"4293.081154","6.48E-15"
"4294.913917","6.27E-15"
"4296.74668","6.30E-15"
"4298.579443","6.35E-15"
"4300.412206","6.14E-15"
"4302.244969","6.09E-15"
"4304.077731","6.37E-15"
"4305.910494","6.37E-15"
"4307.743257","6.15E-15"
"4309.57602","6.33E-15"
"4311.408783","6.08E-15"
"4313.241546","6.30E-15"
"4315.074309","6.45E-15"
"4316.907072","6.45E-15"
"4318.739835","6.52E-15"
"4320.572598","6.35E-15"
"4322.405361","6.64E-15"
"4324.238124","6.67E-15"
"4326.070887","6.52E-15"
"4327.903649","6.69E-15"
"4329.736412","6.20E-15"
"4331.569175","6.19E-15"
"4333.401938","6.90E-15"
"4335.234701","7.14E-15"
"4337.067464","2.33E-14"
"4338.900227","8.57E-14"
"4340.73299","1.49E-13"
"4342.565753","1.54E-13"
"4344.398516","9.28E-14"
"4346.231279","3.14E-14"
"4348.064042","1.09E-14"
"4349.896805","7.55E-15"
"4351.729567","7.07E-15"
"4353.56233","6.73E-15"
"4355.395093","6.53E-15"
"4357.227856","6.41E-15"
"4359.060619","6.76E-15"
"4360.893382","9.77E-15"
"4362.726145","1.45E-14"
"4364.558908","1.72E-14"
"4366.391671","1.49E-14"
"4368.224434","1.02E-14"
"4370.057197","7.50E-15"
"4371.88996","5.99E-15"
"4373.722723","6.08E-15"
"4375.555486","7.54E-15"
"4377.388248","7.97E-15"
"4379.221011","6.83E-15"
"4381.053774","6.09E-15"
"4382.886537","5.91E-15"
"4384.7193","6.24E-15"
"4386.552063","6.89E-15"
"4388.384826","7.88E-15"
"4390.217589","7.90E-15"
"4392.050352","6.41E-15"
"4393.883115","5.97E-15"
"4395.715878","5.85E-15"
"4397.548641","5.56E-15"
"4399.381404","5.66E-15"
"4401.214166","5.70E-15"
"4403.046929","5.62E-15"
"4404.879692","5.90E-15"
"4406.712455","5.82E-15"
"4408.545218","5.55E-15"
"4410.377981","5.52E-15"
"4412.210744","5.86E-15"
"4414.043507","5.97E-15"
"4415.87627","5.90E-15"
"4417.709033","6.03E-15"
"4419.541796","5.65E-15"
"4421.374559","5.29E-15"
"4423.207322","5.34E-15"
"4425.040084","5.19E-15"
"4426.872847","5.40E-15"
"4428.70561","5.56E-15"
"4430.538373","5.75E-15"
"4432.371136","5.50E-15"
"4434.203899","5.41E-15"
"4436.036662","5.87E-15"
"4437.869425","5.82E-15"
"4439.702188","5.95E-15"
"4441.534951","6.02E-15"
"4443.367714","6.00E-15"
"4445.200477","5.46E-15"
"4447.03324","5.41E-15"
"4448.866003","5.51E-15"
"4450.698765","5.34E-15"
"4452.531528","5.89E-15"
"4454.364291","6.04E-15"
"4456.197054","5.76E-15"
"4458.029817","5.65E-15"
"4459.86258","5.72E-15"
"4461.695343","6.02E-15"
"4463.528106","5.81E-15"
"4465.360869","5.65E-15"
"4467.193632","6.37E-15"
"4469.026395","9.58E-15"
"4470.859158","1.74E-14"
"4472.691921","2.21E-14"
"4474.524683","1.97E-14"
"4476.357446","1.20E-14"
"4478.190209","6.95E-15"
"4480.022972","6.02E-15"
"4481.855735","5.64E-15"
"4483.688498","5.94E-15"
"4485.521261","5.77E-15"
"4487.354024","5.89E-15"
"4489.186787","5.82E-15"
"4491.01955","5.66E-15"
"4492.852313","6.06E-15"
"4494.685076","6.05E-15"
"4496.517839","5.59E-15"
"4498.350601","5.78E-15"
"4500.183364","5.27E-15"
"4502.016127","5.67E-15"
"4503.84889","5.94E-15"
"4505.681653","5.44E-15"
"4507.514416","5.47E-15"
"4509.347179","5.79E-15"
"4511.179942","5.61E-15"
"4513.012705","5.53E-15"
"4514.845468","5.65E-15"
"4516.678231","5.52E-15"
"4518.510994","5.84E-15"
"4520.343757","5.66E-15"
"4522.17652","5.63E-15"
"4524.009282","5.96E-15"
"4525.842045","5.47E-15"
"4527.674808","5.60E-15"
"4529.507571","5.87E-15"
"4531.340334","5.74E-15"
"4533.173097","5.31E-15"
"4535.00586","5.51E-15"
"4536.838623","5.41E-15"
"4538.671386","5.58E-15"
"4540.504149","5.29E-15"
"4542.336912","5.12E-15"
"4544.169675","5.10E-15"
"4546.002438","5.34E-15"
"4547.8352","5.49E-15"
"4549.667963","5.67E-15"
"4551.500726","5.27E-15"
"4553.333489","5.32E-15"
"4555.166252","5.63E-15"
"4556.999015","5.46E-15"
"4558.831778","5.39E-15"
"4560.664541","5.34E-15"
"4562.497304","5.54E-15"
"4564.330067","5.41E-15"
"4566.16283","5.51E-15"
"4567.995593","5.83E-15"
"4569.828356","5.63E-15"
"4571.661118","6.60E-15"
"4573.493881","6.57E-15"
"4575.326644","6.26E-15"
"4577.159407","5.77E-15"
"4578.99217","5.74E-15"
"4580.824933","5.49E-15"
"4582.657696","5.26E-15"
"4584.490459","4.87E-15"
"4586.323222","5.31E-15"
"4588.155985","5.31E-15"
"4589.988748","5.34E-15"
"4591.821511","5.74E-15"
"4593.654274","5.84E-15"
"4595.487037","5.46E-15"
"4597.319799","5.58E-15"
"4599.152562","5.62E-15"
"4600.985325","5.46E-15"
"4602.818088","5.59E-15"
"4604.650851","5.54E-15"
"4606.483614","5.52E-15"
"4608.316377","5.67E-15"
"4610.14914","5.56E-15"
"4611.981903","5.59E-15"
"4613.814666","5.70E-15"
"4615.647429","5.36E-15"
"4617.480192","5.23E-15"
"4619.312955","5.56E-15"
"4621.145717","5.34E-15"
"4622.97848","5.55E-15"
"4624.811243","5.70E-15"
"4626.644006","5.40E-15"
"4628.476769","5.53E-15"
"4630.309532","5.65E-15"
"4632.142295","5.65E-15"
"4633.975058","5.84E-15"
"4635.807821","5.89E-15"
"4637.640584","5.96E-15"
"4639.473347","6.23E-15"
"4641.30611","6.12E-15"
"4643.138873","6.38E-15"
"4644.971635","6.38E-15"
"4646.804398","6.15E-15"
"4648.637161","6.39E-15"
"4650.469924","6.82E-15"
"4652.302687","6.54E-15"
"4654.13545","6.13E-15"
"4655.968213","6.00E-15"
"4657.800976","6.03E-15"
"4659.633739","6.13E-15"
"4661.466502","6.35E-15"
"4663.299265","5.90E-15"
"4665.132028","5.63E-15"
"4666.964791","5.22E-15"
"4668.797554","5.29E-15"
"4670.630316","5.52E-15"
"4672.463079","5.47E-15"
"4674.295842","5.73E-15"
"4676.128605","5.63E-15"
"4677.961368","5.23E-15"
"4679.794131","5.24E-15"
"4681.626894","5.43E-15"
"4683.459657","5.31E-15"
"4685.29242","5.47E-15"
"4687.125183","5.83E-15"
"4688.957946","5.82E-15"
"4690.790709","5.44E-15"
"4692.623472","5.08E-15"
"4694.456234","5.29E-15"
"4696.288997","5.24E-15"
"4698.12176","5.20E-15"
"4699.954523","5.33E-15"
"4701.787286","5.36E-15"
"4703.620049","5.14E-15"
"4705.452812","5.09E-15"
"4707.285575","5.32E-15"
"4709.118338","5.24E-15"
"4710.951101","5.84E-15"
"4712.783864","7.37E-15"
"4714.616627","8.07E-15"
"4716.44939","7.41E-15"
"4718.282152","6.07E-15"
"4720.114915","5.48E-15"
"4721.947678","5.35E-15"
"4723.780441","5.06E-15"
"4725.613204","5.14E-15"
"4727.445967","5.34E-15"
"4729.27873","4.94E-15"
"4731.111493","5.07E-15"
"4732.944256","5.29E-15"
"4734.777019","5.12E-15"
"4736.609782","5.50E-15"
"4738.442545","5.67E-15"
"4740.275308","5.54E-15"
"4742.108071","5.38E-15"
"4743.940833","5.11E-15"
"4745.773596","5.17E-15"
"4747.606359","5.15E-15"
"4749.439122","4.88E-15"
"4751.271885","5.02E-15"
"4753.104648","5.15E-15"
"4754.937411","5.08E-15"
"4756.770174","5.30E-15"
"4758.602937","5.16E-15"
"4760.4357","4.88E-15"
"4762.268463","5.05E-15"
"4764.101226","4.83E-15"
"4765.933989","4.83E-15"
"4767.766751","5.14E-15"
"4769.599514","4.73E-15"
"4771.432277","4.70E-15"
"4773.26504","5.08E-15"
"4775.097803","4.89E-15"
"4776.930566","4.89E-15"
"4778.763329","5.13E-15"
"4780.596092","5.02E-15"
"4782.428855","4.95E-15"
"4784.261618","4.94E-15"
"4786.094381","4.96E-15"
"4787.927144","5.04E-15"
"4789.759907","5.07E-15"
"4791.592669","5.02E-15"
"4793.425432","5.03E-15"
"4795.258195","4.83E-15"
"4797.090958","4.85E-15"
"4798.923721","5.01E-15"
"4800.756484","5.00E-15"
"4802.589247","4.99E-15"
"4804.42201","4.97E-15"
"4806.254773","4.92E-15"
"4808.087536","5.08E-15"
"4809.920299","4.99E-15"
"4811.753062","5.02E-15"
"4813.585825","4.68E-15"
"4815.418588","5.28E-15"
"4817.25135","5.32E-15"
"4819.084113","4.94E-15"
"4820.916876","4.90E-15"
"4822.749639","5.19E-15"
"4824.582402","5.10E-15"
"4826.415165","5.19E-15"
"4828.247928","5.12E-15"
"4830.080691","5.35E-15"
"4831.913454","5.30E-15"
"4833.746217","5.48E-15"
"4835.57898","5.46E-15"
"4837.411743","5.30E-15"
"4839.244506","5.34E-15"
"4841.077268","5.59E-15"
"4842.910031","5.47E-15"
"4844.742794","5.66E-15"
"4846.575557","5.86E-15"
"4848.40832","5.64E-15"
"4850.241083","6.05E-15"
"4852.073846","6.28E-15"
"4853.906609","6.42E-15"
"4855.739372","7.33E-15"
"4857.572135","2.45E-14"
"4859.404898","1.26E-13"
"4861.237661","2.98E-13"
"4863.070424","3.77E-13"
"4864.903186","2.77E-13"
"4866.735949","1.01E-13"
"4868.568712","2.00E-14"
"4870.401475","8.26E-15"
"4872.234238","6.68E-15"
"4874.067001","6.12E-15"
"4875.899764","5.82E-15"
"4877.732527","5.79E-15"
"4879.56529","5.83E-15"
"4881.398053","5.76E-15"
"4883.230816","5.96E-15"
"4885.063579","5.66E-15"
"4886.896342","5.26E-15"
"4888.729105","5.72E-15"
"4890.561867","5.62E-15"
"4892.39463","5.24E-15"
"4894.227393","5.15E-15"
"4896.060156","4.96E-15"
"4897.892919","4.75E-15"
"4899.725682","4.77E-15"
"4901.558445","5.38E-15"
"4903.391208","4.77E-15"
"4905.223971","4.84E-15"
"4907.056734","5.11E-15"
"4908.889497","4.90E-15"
"4910.72226","5.04E-15"
"4912.555023","4.90E-15"
"4914.387785","4.82E-15"
"4916.220548","5.06E-15"
"4918.053311","5.28E-15"
"4919.886074","6.44E-15"
"4921.718837","9.02E-15"
"4923.5516","1.00E-14"
"4925.384363","9.25E-15"
"4927.217126","6.88E-15"
"4929.049889","5.45E-15"
"4930.882652","5.54E-15"
"4932.715415","5.39E-15"
"4934.548178","5.66E-15"
"4936.380941","5.96E-15"
"4938.213703","5.81E-15"
"4940.046466","5.74E-15"
"4941.879229","6.26E-15"
"4943.711992","6.56E-15"
"4945.544755","6.60E-15"
"4947.377518","6.50E-15"
"4949.210281","6.81E-15"
"4951.043044","7.52E-15"
"4952.875807","8.29E-15"
"4954.70857","2.60E-14"
"4956.541333","1.56E-13"
"4958.374096","4.41E-13"
"4960.206859","6.16E-13"
"4962.039622","5.05E-13"
"4963.872384","2.01E-13"
"4965.705147","3.72E-14"
"4967.53791","1.11E-14"
"4969.370673","8.06E-15"
"4971.203436","7.79E-15"
"4973.036199","7.64E-15"
"4974.868962","7.43E-15"
"4976.701725","7.64E-15"
"4978.534488","7.83E-15"
"4980.367251","7.78E-15"
"4982.200014","7.95E-15"
"4984.032777","7.97E-15"
"4985.86554","8.32E-15"
"4987.698302","8.82E-15"
"4989.531065","9.09E-15"
"4991.363828","9.21E-15"
"4993.196591","9.86E-15"
"4995.029354","1.04E-14"
"4996.862117","1.08E-14"
"4998.69488","1.21E-14"
"5000.527643","1.41E-14"
"5002.360406","5.18E-14"
"5004.193169","4.03E-13"
"5006.025932","1.22E-12"
"5007.858695","1.84E-12"
"5009.691458","1.59E-12"
"5011.524221","7.19E-13"
"5013.356983","1.36E-13"
"5015.189746","3.68E-14"
"5017.022509","2.58E-14"
"5018.855272","2.02E-14"
"5020.688035","1.44E-14"
"5022.520798","1.10E-14"
"5024.353561","9.95E-15"
"5026.186324","9.16E-15"
"5028.019087","9.12E-15"
"5029.85185","8.75E-15"
"5031.684613","8.51E-15"
"5033.517376","8.20E-15"
"5035.350139","7.57E-15"
"5037.182901","7.05E-15"
"5039.015664","6.55E-15"
"5040.848427","6.10E-15"
"5042.68119","5.62E-15"
"5044.513953","5.37E-15"
"5046.346716","5.79E-15"
"5048.179479","5.92E-15"
"5050.012242","5.95E-15"
"5051.845005","5.57E-15"
"5053.677768","5.05E-15"
"5055.510531","4.97E-15"
"5057.343294","5.27E-15"
"5059.176057","5.21E-15"
"5061.008819","4.77E-15"
"5062.841582","5.05E-15"
"5064.674345","4.95E-15"
"5066.507108","4.86E-15"
"5068.339871","4.87E-15"
"5070.172634","4.62E-15"
"5072.005397","4.70E-15"
"5073.83816","4.80E-15"
"5075.670923","4.91E-15"
"5077.503686","4.62E-15"
"5079.336449","4.62E-15"
"5081.169212","4.49E-15"
"5083.001975","4.73E-15"
"5084.834738","4.91E-15"
"5086.6675","4.58E-15"
"5088.500263","4.53E-15"
"5090.333026","4.72E-15"
"5092.165789","4.64E-15"
"5093.998552","4.46E-15"
"5095.831315","4.63E-15"
"5097.664078","4.71E-15"
"5099.496841","4.96E-15"
"5101.329604","4.82E-15"
"5103.162367","4.63E-15"
"5104.99513","4.68E-15"
"5106.827893","4.64E-15"
"5108.660656","4.63E-15"
"5110.493418","4.67E-15"
"5112.326181","4.65E-15"
"5114.158944","4.78E-15"
"5115.991707","4.69E-15"
"5117.82447","4.41E-15"
"5119.657233","4.37E-15"
"5121.489996","4.51E-15"
"5123.322759","4.82E-15"
"5125.155522","4.57E-15"
"5126.988285","4.59E-15"
"5128.821048","4.70E-15"
"5130.653811","4.66E-15"
"5132.486574","4.50E-15"
"5134.319336","4.57E-15"
"5136.152099","4.48E-15"
"5137.984862","4.69E-15"
"5139.817625","4.63E-15"
"5141.650388","4.45E-15"
"5143.483151","4.54E-15"
"5145.315914","4.75E-15"
"5147.148677","4.76E-15"
"5148.98144","4.78E-15"
"5150.814203","4.44E-15"
"5152.646966","4.61E-15"
"5154.479729","4.52E-15"
"5156.312492","4.37E-15"
"5158.145255","4.66E-15"
"5159.978017","4.41E-15"
"5161.81078","4.48E-15"
"5163.643543","4.72E-15"
"5165.476306","4.78E-15"
"5167.309069","4.46E-15"
"5169.141832","4.82E-15"
"5170.974595","4.74E-15"
"5172.807358","4.51E-15"
"5174.640121","4.67E-15"
"5176.472884","4.80E-15"
"5178.305647","4.49E-15"
"5180.13841","4.56E-15"
"5181.971173","4.63E-15"
"5183.803935","4.25E-15"
"5185.636698","4.07E-15"
"5187.469461","3.76E-15"
"5189.302224","3.73E-15"
"5191.134987","4.04E-15"
"5192.96775","4.43E-15"
"5194.800513","4.66E-15"
"5196.633276","4.91E-15"
"5198.466039","5.31E-15"
"5200.298802","5.46E-15"
"5202.131565","5.67E-15"
"5203.964328","6.32E-15"
"5205.797091","4.90E-15"
"5207.629853","4.61E-15"
"5209.462616","4.42E-15"
"5211.295379","4.59E-15"
"5213.128142","4.53E-15"
"5214.960905","4.53E-15"
"5216.793668","4.79E-15"
"5218.626431","4.76E-15"
"5220.459194","4.84E-15"
"5222.291957","5.12E-15"
"5224.12472","4.47E-15"
"5225.957483","4.40E-15"
"5227.790246","4.82E-15"
"5229.623009","4.48E-15"
"5231.455772","4.49E-15"
"5233.288534","4.49E-15"
"5235.121297","4.47E-15"
"5236.95406","4.48E-15"
"5238.786823","4.61E-15"
"5240.619586","4.78E-15"
"5242.452349","4.50E-15"
"5244.285112","4.28E-15"
"5246.117875","4.42E-15"
"5247.950638","4.57E-15"
"5249.783401","4.62E-15"
"5251.616164","4.30E-15"
"5253.448927","4.33E-15"
"5255.28169","4.32E-15"
"5257.114452","4.65E-15"
"5258.947215","4.70E-15"
"5260.779978","4.24E-15"
"5262.612741","4.27E-15"
"5264.445504","4.70E-15"
"5266.278267","4.37E-15"
"5268.11103","4.33E-15"
"5269.943793","4.58E-15"
"5271.776556","3.70E-15"
"5273.609319","3.72E-15"
"5275.442082","3.68E-15"
"5277.274845","3.81E-15"
"5279.107608","4.26E-15"
"5280.94037","4.71E-15"
"5282.773133","4.75E-15"
"5284.605896","4.92E-15"
"5286.438659","4.78E-15"
"5288.271422","4.37E-15"
"5290.104185","4.12E-15"
"5291.936948","4.75E-15"
"5293.769711","4.77E-15"
"5295.602474","4.59E-15"
"5297.435237","4.40E-15"
"5299.268","4.15E-15"
"5301.100763","4.26E-15"
"5302.933526","4.25E-15"
"5304.766289","3.88E-15"
"5306.599051","4.10E-15"
"5308.431814","4.66E-15"
"5310.264577","5.37E-15"
"5312.09734","5.67E-15"
"5313.930103","4.91E-15"
"5315.762866","4.31E-15"
"5317.595629","4.67E-15"
"5319.428392","4.57E-15"
"5321.261155","3.71E-15"
"5323.093918","4.12E-15"
"5324.926681","4.74E-15"
"5326.759444","4.42E-15"
"5328.592207","4.69E-15"
"5330.424969","4.72E-15"
"5332.257732","4.89E-15"
"5334.090495","4.77E-15"
"5335.923258","4.45E-15"
"5337.756021","4.99E-15"
"5339.588784","4.73E-15"
"5341.421547","4.33E-15"
"5343.25431","4.37E-15"
"5345.087073","4.63E-15"
"5346.919836","4.82E-15"
"5348.752599","4.39E-15"
"5350.585362","4.68E-15"
"5352.418125","4.94E-15"
"5354.250887","4.49E-15"
"5356.08365","4.87E-15"
"5357.916413","4.72E-15"
"5359.749176","4.25E-15"
"5361.581939","4.14E-15"
"5363.414702","4.60E-15"
"5365.247465","5.27E-15"
"5367.080228","5.15E-15"
"5368.912991","5.12E-15"
"5370.745754","5.05E-15"
"5372.578517","4.66E-15"
"5374.41128","4.89E-15"
"5376.244043","4.97E-15"
"5378.076806","5.08E-15"
"5379.909568","5.01E-15"
"5381.742331","4.54E-15"
"5383.575094","4.30E-15"
"5385.407857","4.16E-15"
"5387.24062","4.34E-15"
"5389.073383","4.71E-15"
"5390.906146","4.83E-15"
"5392.738909","4.64E-15"
"5394.571672","4.75E-15"
"5396.404435","4.54E-15"
"5398.237198","4.28E-15"
"5400.069961","4.58E-15"
"5401.902724","4.71E-15"
"5403.735486","4.50E-15"
"5405.568249","4.79E-15"
"5407.401012","5.03E-15"
"5409.233775","4.43E-15"
"5411.066538","4.03E-15"
"5412.899301","3.99E-15"
"5414.732064","4.42E-15"
"5416.564827","4.64E-15"
"5418.39759","4.31E-15"
"5420.230353","4.43E-15"
"5422.063116","4.59E-15"
"5423.895879","4.65E-15"
"5425.728642","4.53E-15"
"5427.561404","4.36E-15"
"5429.394167","4.58E-15"
"5431.22693","4.74E-15"
"5433.059693","4.69E-15"
"5434.892456","4.58E-15"
"5436.725219","4.62E-15"
"5438.557982","4.85E-15"
"5440.390745","4.80E-15"
"5442.223508","4.53E-15"
"5444.056271","4.26E-15"
"5445.889034","4.13E-15"
"5447.721797","4.33E-15"
"5449.55456","4.74E-15"
"5451.387323","4.32E-15"
"5453.220085","3.97E-15"
"5455.052848","4.76E-15"
"5456.885611","4.81E-15"
"5458.718374","4.73E-15"
"5460.551137","4.65E-15"
"5462.3839","4.59E-15"
"5464.216663","4.74E-15"
"5466.049426","4.87E-15"
"5467.882189","4.89E-15"
"5469.714952","4.78E-15"
"5471.547715","4.64E-15"
"5473.380478","4.61E-15"
"5475.213241","4.62E-15"
"5477.046003","4.63E-15"
"5478.878766","4.62E-15"
"5480.711529","4.63E-15"
"5482.544292","4.72E-15"
"5484.377055","4.86E-15"
"5486.209818","4.86E-15"
"5488.042581","4.75E-15"
"5489.875344","4.79E-15"
"5491.708107","4.96E-15"
"5493.54087","4.80E-15"
"5495.373633","4.73E-15"
"5497.206396","4.75E-15"
"5499.039159","4.76E-15"
"5500.871921","4.73E-15"
"5502.704684","4.45E-15"
"5504.537447","4.39E-15"
"5506.37021","4.61E-15"
"5508.202973","4.79E-15"
"5510.035736","4.71E-15"
"5511.868499","4.62E-15"
"5513.701262","4.82E-15"
"5515.534025","4.81E-15"
"5517.366788","4.75E-15"
"5519.199551","5.22E-15"
"5521.032314","5.41E-15"
"5522.865077","5.20E-15"
"5524.69784","4.90E-15"
"5526.530602","4.77E-15"
"5528.363365","4.80E-15"
"5530.196128","4.94E-15"
"5532.028891","4.88E-15"
"5533.861654","4.54E-15"
"5535.694417","4.45E-15"
"5537.52718","5.04E-15"
"5539.359943","5.60E-15"
"5541.192706","5.54E-15"
"5543.025469","4.96E-15"
"5544.858232","4.45E-15"
"5546.690995","4.31E-15"
"5548.523758","4.21E-15"
"5550.35652","4.16E-15"
"5552.189283","4.34E-15"
"5554.022046","4.46E-15"
"5555.854809","4.33E-15"
"5557.687572","4.60E-15"
"5559.520335","4.48E-15"
"5561.353098","4.14E-15"
"5563.185861","4.09E-15"
"5565.018624","4.16E-15"
"5566.851387","4.13E-15"
"5568.68415","4.13E-15"
"5570.516913","4.11E-15"
"5572.349676","4.21E-15"
"5574.182438","4.55E-15"
"5576.015201","4.36E-15"
"5577.847964","4.38E-15"
"5579.680727","4.47E-15"
"5581.51349","4.29E-15"
"5583.346253","4.16E-15"
"5585.179016","4.29E-15"
"5587.011779","4.37E-15"
"5588.844542","4.35E-15"
"5590.677305","4.32E-15"
"5592.510068","4.17E-15"
"5594.342831","3.90E-15"
"5596.175594","3.89E-15"
"5598.008357","4.10E-15"
"5599.841119","4.21E-15"
"5601.673882","4.13E-15"
"5603.506645","4.03E-15"
"5605.339408","4.02E-15"
"5607.172171","4.12E-15"
"5609.004934","4.25E-15"
"5610.837697","4.25E-15"
"5612.67046","4.17E-15"
"5614.503223","3.98E-15"
"5616.335986","4.00E-15"
"5618.168749","4.21E-15"
"5620.001512","4.10E-15"
"5621.834275","4.05E-15"
"5623.667037","4.16E-15"
"5625.4998","4.22E-15"
"5627.332563","4.19E-15"
"5629.165326","4.24E-15"
"5630.998089","4.37E-15"
"5632.830852","4.19E-15"
"5634.663615","4.16E-15"
"5636.496378","4.39E-15"
"5638.329141","4.21E-15"
"5640.161904","4.30E-15"
"5641.994667","4.45E-15"
"5643.82743","4.36E-15"
"5645.660193","4.20E-15"
"5647.492955","4.22E-15"
"5649.325718","4.25E-15"
"5651.158481","4.28E-15"
"5652.991244","4.27E-15"
"5654.824007","4.16E-15"
"5656.65677","4.01E-15"
"5658.489533","4.24E-15"
"5660.322296","4.27E-15"
"5662.155059","4.08E-15"
"5663.987822","4.17E-15"
"5665.820585","4.54E-15"
"5667.653348","4.60E-15"
"5669.486111","4.53E-15"
"5671.318874","4.28E-15"
"5673.151636","3.97E-15"
"5674.984399","4.21E-15"
"5676.817162","4.34E-15"
"5678.649925","4.51E-15"
"5680.482688","4.50E-15"
"5682.315451","4.20E-15"
"5684.148214","4.27E-15"
"5685.980977","4.45E-15"
"5687.81374","4.32E-15"
"5689.646503","4.08E-15"
"5691.479266","4.05E-15"
"5693.312029","4.08E-15"
"5695.144792","4.26E-15"
"5696.977554","4.32E-15"
"5698.810317","4.37E-15"
"5700.64308","4.48E-15"
"5702.475843","4.27E-15"
"5704.308606","4.02E-15"
"5706.141369","4.00E-15"
"5707.974132","4.05E-15"
"5709.806895","4.06E-15"
"5711.639658","4.32E-15"
"5713.472421","4.43E-15"
"5715.305184","4.22E-15"
"5717.137947","3.98E-15"
"5718.97071","4.04E-15"
"5720.803472","4.23E-15"
"5722.636235","4.19E-15"
"5724.468998","4.09E-15"
"5726.301761","4.07E-15"
"5728.134524","4.12E-15"
"5729.967287","4.19E-15"
"5731.80005","4.12E-15"
"5733.632813","4.04E-15"
"5735.465576","3.97E-15"
"5737.298339","3.88E-15"
"5739.131102","3.95E-15"
"5740.963865","4.12E-15"
"5742.796628","4.20E-15"
"5744.629391","4.22E-15"
"5746.462153","4.32E-15"
"5748.294916","4.33E-15"
"5750.127679","4.11E-15"
"5751.960442","4.60E-15"
"5753.793205","6.24E-15"
"5755.625968","8.10E-15"
"5757.458731","8.87E-15"
"5759.291494","8.20E-15"
"5761.124257","6.46E-15"
"5762.95702","4.85E-15"
"5764.789783","4.21E-15"
"5766.622546","3.97E-15"
"5768.455309","4.07E-15"
"5770.288071","4.12E-15"
"5772.120834","4.06E-15"
"5773.953597","4.12E-15"
"5775.78636","4.19E-15"
"5777.619123","4.07E-15"
"5779.451886","3.81E-15"
"5781.284649","3.71E-15"
"5783.117412","3.79E-15"
"5784.950175","3.70E-15"
"5786.782938","3.88E-15"
"5788.615701","4.11E-15"
"5790.448464","4.07E-15"
"5792.281227","3.91E-15"
"5794.11399","3.96E-15"
"5795.946752","3.92E-15"
"5797.779515","3.84E-15"
"5799.612278","3.93E-15"
"5801.445041","4.16E-15"
"5803.277804","4.27E-15"
"5805.110567","4.27E-15"
"5806.94333","4.33E-15"
"5808.776093","4.30E-15"
"5810.608856","4.10E-15"
"5812.441619","4.15E-15"
"5814.274382","4.24E-15"
"5816.107145","4.31E-15"
"5817.939908","4.30E-15"
"5819.77267","4.15E-15"
"5821.605433","4.06E-15"
"5823.438196","4.09E-15"
"5825.270959","4.01E-15"
"5827.103722","3.99E-15"
"5828.936485","4.26E-15"
"5830.769248","4.22E-15"
"5832.602011","4.09E-15"
"5834.434774","3.87E-15"
"5836.267537","3.78E-15"
"5838.1003","4.04E-15"
"5839.933063","4.09E-15"
"5841.765826","4.12E-15"
"5843.598588","4.07E-15"
"5845.431351","3.97E-15"
"5847.264114","4.09E-15"
"5849.096877","4.22E-15"
"5850.92964","4.06E-15"
"5852.762403","4.08E-15"
"5854.595166","4.23E-15"
"5856.427929","4.03E-15"
"5858.260692","4.14E-15"
"5860.093455","4.26E-15"
"5861.926218","4.20E-15"
"5863.758981","4.05E-15"
"5865.591744","4.07E-15"
"5867.424507","4.43E-15"
"5869.257269","4.61E-15"
"5871.090032","4.53E-15"
"5872.922795","1.09E-14"
"5874.755558","3.14E-14"
"5876.588321","5.75E-14"
"5878.421084","6.55E-14"
"5880.253847","5.36E-14"
"5882.08661","3.24E-14"
"5883.919373","1.16E-14"
"5885.752136","4.49E-15"
"5887.584899","3.95E-15"
"5889.417662","3.93E-15"
"5891.250425","3.82E-15"
"5893.083187","3.71E-15"
"5894.91595","3.54E-15"
"5896.748713","3.42E-15"
"5898.581476","3.61E-15"
"5900.414239","3.88E-15"
"5902.247002","3.79E-15"
"5904.079765","3.85E-15"
"5905.912528","3.91E-15"
"5907.745291","3.92E-15"
"5909.578054","3.95E-15"
"5911.410817","3.94E-15"
"5913.24358","3.81E-15"
"5915.076343","3.75E-15"
"5916.909105","3.77E-15"
"5918.741868","3.78E-15"
"5920.574631","3.84E-15"
"5922.407394","3.86E-15"
"5924.240157","3.87E-15"
"5926.07292","3.79E-15"
"5927.905683","3.79E-15"
"5929.738446","4.04E-15"
"5931.571209","4.06E-15"
"5933.403972","4.03E-15"
"5935.236735","4.02E-15"
"5937.069498","3.98E-15"
"5938.902261","3.96E-15"
"5940.735024","3.83E-15"
"5942.567786","3.73E-15"
"5944.400549","3.78E-15"
"5946.233312","3.93E-15"
"5948.066075","3.89E-15"
"5949.898838","3.63E-15"
"5951.731601","3.65E-15"
"5953.564364","3.94E-15"
"5955.397127","4.04E-15"
"5957.22989","3.82E-15"
"5959.062653","3.89E-15"
"5960.895416","4.12E-15"
"5962.728179","4.11E-15"
"5964.560942","3.87E-15"
"5966.393704","3.78E-15"
"5968.226467","3.81E-15"
"5970.05923","3.73E-15"
"5971.891993","3.56E-15"
"5973.724756","3.55E-15"
"5975.557519","3.74E-15"
"5977.390282","3.72E-15"
"5979.223045","3.67E-15"
"5981.055808","3.71E-15"
"5982.888571","3.76E-15"
"5984.721334","3.83E-15"
"5986.554097","3.73E-15"
"5988.38686","3.64E-15"
"5990.219622","3.63E-15"
"5992.052385","3.67E-15"
"5993.885148","3.76E-15"
"5995.717911","3.79E-15"
"5997.550674","3.81E-15"
"5999.383437","3.90E-15"
"6001.2162","3.91E-15"
"6003.048963","3.69E-15"
"6004.881726","3.80E-15"
"6006.714489","3.98E-15"
"6008.547252","3.94E-15"
"6010.380015","3.81E-15"
"6012.212778","3.77E-15"
"6014.045541","3.80E-15"
"6015.878303","3.84E-15"
"6017.711066","3.91E-15"
"6019.543829","3.97E-15"
"6021.376592","3.87E-15"
"6023.209355","3.72E-15"
"6025.042118","3.67E-15"
"6026.874881","3.70E-15"
"6028.707644","3.72E-15"
"6030.540407","3.76E-15"
"6032.37317","3.76E-15"
"6034.205933","3.69E-15"
"6036.038696","3.67E-15"
"6037.871459","3.74E-15"
"6039.704221","3.70E-15"
"6041.536984","3.70E-15"
"6043.369747","3.69E-15"
"6045.20251","3.66E-15"
"6047.035273","3.72E-15"
"6048.868036","3.85E-15"
"6050.700799","3.85E-15"
"6052.533562","3.77E-15"
"6054.366325","3.77E-15"
"6056.199088","3.85E-15"
"6058.031851","3.81E-15"
"6059.864614","3.77E-15"
"6061.697377","3.74E-15"
"6063.530139","3.74E-15"
"6065.362902","3.73E-15"
"6067.195665","3.62E-15"
"6069.028428","3.68E-15"
"6070.861191","3.71E-15"
"6072.693954","3.77E-15"
"6074.526717","3.97E-15"
"6076.35948","3.94E-15"
"6078.192243","3.93E-15"
"6080.025006","3.89E-15"
"6081.857769","3.77E-15"
"6083.690532","3.65E-15"
"6085.523295","3.58E-15"
"6087.356058","3.64E-15"
"6089.18882","3.73E-15"
"6091.021583","3.85E-15"
"6092.854346","3.93E-15"
"6094.687109","3.75E-15"
"6096.519872","3.56E-15"
"6098.352635","3.56E-15"
"6100.185398","3.66E-15"
"6102.018161","3.76E-15"
"6103.850924","3.88E-15"
"6105.683687","3.82E-15"
"6107.51645","3.79E-15"
"6109.349213","3.78E-15"
"6111.181976","3.61E-15"
"6113.014738","3.57E-15"
"6114.847501","3.64E-15"
"6116.680264","3.76E-15"
"6118.513027","3.82E-15"
"6120.34579","3.74E-15"
"6122.178553","3.70E-15"
"6124.011316","3.65E-15"
"6125.844079","3.56E-15"
"6127.676842","3.52E-15"
"6129.509605","3.60E-15"
"6131.342368","3.75E-15"
"6133.175131","3.74E-15"
"6135.007894","3.69E-15"
"6136.840656","3.64E-15"
"6138.673419","3.60E-15"
"6140.506182","3.77E-15"
"6142.338945","3.78E-15"
"6144.171708","3.66E-15"
"6146.004471","3.63E-15"
"6147.837234","3.66E-15"
"6149.669997","3.55E-15"
"6151.50276","3.67E-15"
"6153.335523","3.79E-15"
"6155.168286","3.68E-15"
"6157.001049","3.60E-15"
"6158.833812","3.69E-15"
"6160.666575","3.72E-15"
"6162.499337","3.60E-15"
"6164.3321","3.54E-15"
"6166.164863","3.72E-15"
"6167.997626","3.77E-15"
"6169.830389","3.69E-15"
"6171.663152","3.56E-15"
"6173.495915","3.44E-15"
"6175.328678","3.41E-15"
"6177.161441","3.56E-15"
"6178.994204","3.54E-15"
"6180.826967","3.43E-15"
"6182.65973","3.49E-15"
"6184.492493","3.66E-15"
"6186.325255","3.61E-15"
"6188.158018","3.57E-15"
"6189.990781","3.64E-15"
"6191.823544","3.72E-15"
"6193.656307","3.70E-15"
"6195.48907","3.55E-15"
"6197.321833","3.42E-15"
"6199.154596","3.40E-15"
"6200.987359","3.47E-15"
"6202.820122","3.57E-15"
"6204.652885","3.71E-15"
"6206.485648","3.71E-15"
"6208.318411","3.56E-15"
"6210.151173","3.42E-15"
"6211.983936","3.48E-15"
"6213.816699","3.69E-15"
"6215.649462","3.64E-15"
"6217.482225","3.53E-15"
"6219.314988","3.54E-15"
"6221.147751","3.48E-15"
"6222.980514","3.36E-15"
"6224.813277","3.48E-15"
"6226.64604","3.64E-15"
"6228.478803","3.59E-15"
"6230.311566","3.46E-15"
"6232.144329","3.44E-15"
"6233.977092","3.49E-15"
"6235.809854","3.49E-15"
"6237.642617","3.41E-15"
"6239.47538","3.38E-15"
"6241.308143","3.49E-15"
"6243.140906","3.58E-15"
"6244.973669","3.60E-15"
"6246.806432","3.60E-15"
"6248.639195","3.60E-15"
"6250.471958","3.57E-15"
"6252.304721","3.48E-15"
"6254.137484","3.46E-15"
"6255.970247","3.51E-15"
"6257.80301","3.50E-15"
"6259.635772","3.50E-15"
"6261.468535","3.57E-15"
"6263.301298","3.57E-15"
"6265.134061","3.48E-15"
"6266.966824","3.44E-15"
"6268.799587","3.48E-15"
"6270.63235","3.49E-15"
"6272.465113","3.46E-15"
"6274.297876","3.41E-15"
"6276.130639","3.30E-15"
"6277.963402","3.23E-15"
"6279.796165","3.31E-15"
"6281.628928","3.36E-15"
"6283.46169","3.27E-15"
"6285.294453","3.27E-15"
"6287.127216","3.29E-15"
"6288.959979","3.32E-15"
"6290.792742","3.30E-15"
"6292.625505","3.29E-15"
"6294.458268","3.39E-15"
"6296.291031","3.43E-15"
"6298.123794","4.13E-15"
"6299.956557","6.12E-15"
"6301.78932","8.41E-15"
"6303.622083","8.94E-15"
"6305.454846","7.81E-15"
"6307.287609","5.56E-15"
"6309.120371","4.19E-15"
"6310.953134","4.96E-15"
"6312.785897","6.50E-15"
"6314.61866","7.36E-15"
"6316.451423","6.97E-15"
"6318.284186","5.58E-15"
"6320.116949","4.08E-15"
"6321.949712","3.38E-15"
"6323.782475","3.22E-15"
"6325.615238","3.26E-15"
"6327.448001","3.32E-15"
"6329.280764","3.40E-15"
"6331.113527","3.45E-15"
"6332.946289","3.39E-15"
"6334.779052","3.41E-15"
"6336.611815","3.53E-15"
"6338.444578","3.54E-15"
"6340.277341","3.38E-15"
"6342.110104","3.41E-15"
"6343.942867","3.53E-15"
"6345.77563","3.61E-15"
"6347.608393","3.65E-15"
"6349.441156","3.67E-15"
"6351.273919","3.56E-15"
"6353.106682","3.40E-15"
"6354.939445","3.34E-15"
"6356.772207","3.39E-15"
"6358.60497","3.47E-15"
"6360.437733","3.40E-15"
"6362.270496","3.90E-15"
"6364.103259","4.84E-15"
"6365.936022","5.33E-15"
"6367.768785","5.14E-15"
"6369.601548","4.49E-15"
"6371.434311","3.79E-15"
"6373.267074","3.52E-15"
"6375.099837","3.61E-15"
"6376.9326","3.37E-15"
"6378.765363","3.34E-15"
"6380.598126","3.46E-15"
"6382.430888","3.41E-15"
"6384.263651","3.29E-15"
"6386.096414","3.43E-15"
"6387.929177","3.44E-15"
"6389.76194","3.36E-15"
"6391.594703","3.36E-15"
"6393.427466","3.38E-15"
"6395.260229","3.26E-15"
"6397.092992","3.20E-15"
"6398.925755","3.32E-15"
"6400.758518","3.48E-15"
"6402.591281","3.48E-15"
"6404.424044","3.36E-15"
"6406.256806","3.36E-15"
"6408.089569","3.42E-15"
"6409.922332","3.39E-15"
"6411.755095","3.31E-15"
"6413.587858","3.32E-15"
"6415.420621","3.33E-15"
"6417.253384","3.32E-15"
"6419.086147","3.37E-15"
"6420.91891","3.45E-15"
"6422.751673","3.35E-15"
"6424.584436","3.36E-15"
"6426.417199","3.36E-15"
"6428.249962","3.35E-15"
"6430.082724","3.47E-15"
"6431.915487","3.57E-15"
"6433.74825","3.65E-15"
"6435.581013","3.61E-15"
"6437.413776","3.52E-15"
"6439.246539","3.56E-15"
"6441.079302","3.59E-15"
"6442.912065","3.83E-15"
"6444.744828","4.17E-15"
"6446.577591","4.38E-15"
"6448.410354","4.31E-15"
"6450.243117","3.91E-15"
"6452.07588","3.65E-15"
"6453.908643","3.54E-15"
"6455.741405","3.42E-15"
"6457.574168","3.36E-15"
"6459.406931","3.53E-15"
"6461.239694","3.48E-15"
"6463.072457","3.57E-15"
"6464.90522","3.82E-15"
"6466.737983","3.69E-15"
"6468.570746","3.43E-15"
"6470.403509","3.41E-15"
"6472.236272","3.44E-15"
"6474.069035","3.36E-15"
"6475.901798","3.35E-15"
"6477.734561","3.41E-15"
"6479.567323","3.51E-15"
"6481.400086","3.56E-15"
"6483.232849","3.52E-15"
"6485.065612","3.43E-15"
"6486.898375","3.37E-15"
"6488.731138","3.45E-15"
"6490.563901","3.51E-15"
"6492.396664","3.44E-15"
"6494.229427","3.38E-15"
"6496.06219","3.52E-15"
"6497.894953","3.59E-15"
"6499.727716","3.52E-15"
"6501.560479","3.49E-15"
"6503.393242","3.56E-15"
"6505.226004","3.51E-15"
"6507.058767","3.37E-15"
"6508.89153","3.34E-15"
"6510.724293","3.47E-15"
"6512.557056","3.55E-15"
"6514.389819","3.56E-15"
"6516.222582","3.56E-15"
"6518.055345","3.56E-15"
"6519.888108","3.56E-15"
"6521.720871","3.60E-15"
"6523.553634","3.71E-15"
"6525.386397","3.72E-15"
"6527.21916","3.70E-15"
"6529.051922","3.71E-15"
"6530.884685","3.68E-15"
"6532.717448","3.73E-15"
"6534.550211","3.87E-15"
"6536.382974","4.16E-15"
"6538.215737","4.39E-15"
"6540.0485","4.59E-15"
"6541.881263","5.68E-15"
"6543.714026","3.86E-15"
"6545.546789","1.24E-14"
"6547.379552","4.04E-14"
"6549.212315","7.22E-14"
"6551.045078","8.40E-14"
"6552.87784","6.95E-14"
"6554.710603","4.72E-14"
"6556.543366","2.10E-14"
"6558.376129","7.00E-16"
"6560.208892","1.11E-13"
"6562.041655","5.92E-13"
"6563.874418","1.14E-12"
"6565.707181","1.30E-12"
"6567.539944","1.02E-12"
"6569.372707","5.49E-13"
"6571.20547","1.57E-13"
"6573.038233","1.65E-15"
"6574.870996","1.24E-14"
"6576.703759","1.16E-14"
"6578.536521","7.72E-15"
"6580.369284","1.79E-14"
"6582.202047","8.12E-14"
"6584.03481","1.85E-13"
"6585.867573","2.42E-13"
"6587.700336","2.22E-13"
"6589.533099","1.43E-13"
"6591.365862","5.42E-14"
"6593.198625","6.63E-15"
"6595.031388","4.23E-15"
"6596.864151","5.37E-15"
"6598.696914","4.39E-15"
"6600.529677","4.38E-15"
"6602.362439","4.19E-15"
"6604.195202","4.11E-15"
"6606.027965","3.99E-15"
"6607.860728","4.00E-15"
"6609.693491","3.97E-15"
"6611.526254","3.76E-15"
"6613.359017","3.65E-15"
"6615.19178","3.58E-15"
"6617.024543","3.60E-15"
"6618.857306","3.64E-15"
"6620.690069","3.61E-15"
"6622.522832","3.58E-15"
"6624.355595","3.48E-15"
"6626.188357","3.42E-15"
"6628.02112","3.45E-15"
"6629.853883","3.46E-15"
"6631.686646","3.37E-15"
"6633.519409","3.33E-15"
"6635.352172","3.38E-15"
"6637.184935","3.47E-15"
"6639.017698","3.50E-15"
"6640.850461","3.42E-15"
"6642.683224","3.42E-15"
"6644.515987","3.48E-15"
"6646.34875","3.41E-15"
"6648.181513","3.24E-15"
"6650.014276","3.25E-15"
"6651.847038","3.31E-15"
"6653.679801","3.41E-15"
"6655.512564","3.46E-15"
"6657.345327","3.40E-15"
"6659.17809","3.37E-15"
"6661.010853","3.37E-15"
"6662.843616","3.38E-15"
"6664.676379","3.39E-15"
"6666.509142","3.39E-15"
"6668.341905","3.40E-15"
"6670.174668","3.41E-15"
"6672.007431","3.60E-15"
"6673.840194","3.37E-15"
"6675.672956","4.73E-15"
"6677.505719","1.21E-14"
"6679.338482","2.02E-14"
"6681.171245","2.21E-14"
"6683.004008","1.74E-14"
"6684.836771","1.05E-14"
"6686.669534","4.96E-15"
"6688.502297","3.25E-15"
"6690.33506","3.39E-15"
"6692.167823","3.43E-15"
"6694.000586","3.34E-15"
"6695.833349","3.28E-15"
"6697.666112","3.43E-15"
"6699.498874","3.48E-15"
"6701.331637","3.38E-15"
"6703.1644","3.39E-15"
"6704.997163","3.48E-15"
"6706.829926","3.40E-15"
"6708.662689","3.40E-15"
"6710.495452","3.43E-15"
"6712.328215","3.35E-15"
"6714.160978","3.99E-15"
"6715.993741","6.39E-15"
"6717.826504","8.87E-15"
"6719.659267","9.54E-15"
"6721.49203","8.23E-15"
"6723.324793","6.04E-15"
"6725.157555","4.29E-15"
"6726.990318","3.50E-15"
"6728.823081","5.14E-15"
"6730.655844","9.83E-15"
"6732.488607","1.43E-14"
"6734.32137","1.49E-14"
"6736.154133","1.20E-14"
"6737.986896","7.70E-15"
"6739.819659","4.10E-15"
"6741.652422","3.21E-15"
"6743.485185","3.34E-15"
"6745.317948","3.38E-15"
"6747.150711","3.31E-15"
"6748.983473","3.32E-15"
"6750.816236","3.36E-15"
"6752.648999","3.31E-15"
"6754.481762","3.20E-15"
"6756.314525","3.21E-15"
"6758.147288","3.34E-15"
"6759.980051","3.28E-15"
"6761.812814","3.31E-15"
"6763.645577","3.39E-15"
"6765.47834","3.33E-15"
"6767.311103","3.23E-15"
"6769.143866","3.30E-15"
"6770.976629","3.38E-15"
"6772.809391","3.40E-15"
"6774.642154","3.33E-15"
"6776.474917","3.24E-15"
"6778.30768","3.35E-15"
"6780.140443","3.46E-15"
"6781.973206","3.41E-15"
"6783.805969","3.27E-15"
"6785.638732","3.22E-15"
"6787.471495","3.28E-15"
"6789.304258","3.32E-15"
"6791.137021","3.32E-15"
"6792.969784","3.30E-15"
"6794.802547","3.29E-15"
"6796.63531","3.34E-15"
"6798.468072","3.31E-15"
"6800.300835","3.31E-15"
"6802.133598","3.36E-15"
"6803.966361","3.33E-15"
"6805.799124","3.33E-15"
"6807.631887","3.24E-15"
"6809.46465","3.18E-15"
"6811.297413","3.25E-15"
"6813.130176","3.28E-15"
"6814.962939","3.17E-15"
"6816.795702","3.16E-15"
"6818.628465","3.27E-15"
"6820.461228","3.31E-15"
"6822.29399","3.25E-15"
"6824.126753","3.25E-15"
"6825.959516","3.37E-15"
"6827.792279","3.38E-15"
"6829.625042","3.21E-15"
"6831.457805","3.15E-15"
"6833.290568","3.22E-15"
"6835.123331","3.23E-15"
"6836.956094","3.17E-15"
"6838.788857","3.16E-15"
"6840.62162","3.25E-15"
"6842.454383","3.31E-15"
"6844.287146","3.28E-15"
"6846.119908","3.22E-15"
"6847.952671","3.21E-15"
"6849.785434","3.21E-15"
"6851.618197","3.09E-15"
"6853.45096","3.16E-15"
"6855.283723","3.28E-15"
"6857.116486","3.24E-15"
"6858.949249","3.20E-15"
"6860.782012","3.11E-15"
"6862.614775","3.07E-15"
"6864.447538","2.97E-15"
"6866.280301","2.72E-15"
"6868.113064","2.50E-15"
"6869.945827","2.39E-15"
"6871.778589","2.40E-15"
"6873.611352","2.44E-15"
"6875.444115","2.51E-15"
"6877.276878","2.60E-15"
"6879.109641","2.71E-15"
"6880.942404","2.86E-15"
"6882.775167","2.99E-15"
"6884.60793","3.01E-15"
"6886.440693","2.91E-15"
"6888.273456","2.82E-15"
"6890.106219","2.78E-15"
"6891.938982","2.81E-15"
"6893.771745","2.79E-15"
"6895.604507","2.72E-15"
"6897.43727","2.84E-15"
"6899.270033","2.83E-15"
"6901.102796","2.75E-15"
"6902.935559","2.82E-15"
"6904.768322","2.94E-15"
"6906.601085","2.98E-15"
"6908.433848","3.02E-15"
"6910.266611","3.09E-15"
"6912.099374","3.10E-15"
"6913.932137","3.05E-15"
"6915.7649","2.98E-15"
"6917.597663","3.01E-15"
"6919.430425","3.11E-15"
"6921.263188","3.08E-15"
"6923.095951","2.89E-15"
"6924.928714","2.97E-15"
"6926.761477","3.06E-15"
"6928.59424","3.08E-15"
"6930.427003","3.14E-15"
"6932.259766","3.12E-15"
"6934.092529","3.12E-15"
"6935.925292","3.21E-15"
"6937.758055","3.22E-15"
"6939.590818","3.12E-15"
"6941.423581","3.14E-15"
"6943.256344","3.14E-15"
"6945.089106","3.13E-15"
"6946.921869","3.10E-15"
"6948.754632","3.07E-15"
"6950.587395","3.11E-15"
"6952.420158","3.17E-15"
"6954.252921","3.11E-15"
"6956.085684","3.04E-15"
"6957.918447","3.12E-15"
"6959.75121","3.22E-15"
"6961.583973","3.17E-15"
"6963.416736","3.16E-15"
"6965.249499","3.19E-15"
"6967.082262","3.16E-15"
"6968.915024","3.17E-15"
"6970.747787","3.14E-15"
"6972.58055","3.14E-15"
"6974.413313","3.14E-15"
"6976.246076","3.09E-15"
"6978.078839","3.17E-15"
"6979.911602","3.19E-15"
"6981.744365","3.13E-15"
"6983.577128","3.12E-15"
"6985.409891","3.19E-15"
"6987.242654","3.26E-15"
"6989.075417","3.16E-15"
"6990.90818","3.12E-15"
"6992.740942","3.19E-15"
"6994.573705","3.25E-15"
"6996.406468","3.24E-15"
"6998.239231","3.14E-15"
"7000.071994","3.18E-15"
"7001.904757","3.32E-15"
"7003.73752","3.35E-15"
"7005.570283","3.29E-15"
"7007.403046","3.05E-15"
"7009.235809","3.45E-15"
"7011.068572","2.57E-15"
"7012.901335","2.72E-15"
"7014.734098","8.23E-15"
"7016.566861","-6.23E-15"
"7018.399623","-3.80E-14"
"7020.232386","-3.29E-14"
"7022.065149","1.21E-14"
"7023.897912","5.07E-15"
"7025.730675","1.00E-15"
"7027.563438","4.04E-15"
"7029.396201","2.81E-15"
"7031.228964","3.18E-15"
"7033.061727","3.24E-15"
"7034.89449","3.25E-15"
"7036.727253","3.22E-15"
"7038.560016","3.16E-15"
"7040.392779","3.17E-15"
"7042.225541","3.08E-15"
"7044.058304","3.19E-15"
"7045.891067","3.26E-15"
"7047.72383","3.16E-15"
"7049.556593","3.07E-15"
"7051.389356","3.18E-15"
"7053.222119","3.25E-15"
"7055.054882","3.31E-15"
"7056.887645","3.36E-15"
"7058.720408","3.44E-15"
"7060.553171","3.69E-15"
"7062.385934","3.35E-15"
"7064.218697","1.56E-14"
"7066.051459","3.48E-14"
"7067.884222","4.08E-14"
"7069.716985","3.47E-14"
"7071.549748","2.07E-14"
"7073.382511","8.50E-15"
"7075.215274","3.53E-15"
"7077.048037","3.10E-15"
"7078.8808","3.24E-15"
"7080.713563","3.19E-15"
"7082.546326","3.19E-15"
"7084.379089","3.27E-15"
"7086.211852","3.22E-15"
"7088.044615","3.11E-15"
"7089.877378","3.13E-15"
"7091.71014","3.30E-15"
"7093.542903","3.31E-15"
"7095.375666","3.10E-15"
"7097.208429","3.07E-15"
"7099.041192","3.14E-15"
"7100.873955","3.16E-15"
"7102.706718","3.16E-15"
"7104.539481","3.22E-15"
"7106.372244","3.19E-15"
"7108.205007","3.13E-15"
"7110.03777","3.12E-15"
"7111.870533","3.19E-15"
"7113.703296","3.26E-15"
"7115.536058","3.18E-15"
"7117.368821","3.20E-15"
"7119.201584","3.20E-15"
"7121.034347","3.16E-15"
"7122.86711","3.22E-15"
"7124.699873","3.18E-15"
"7126.532636","3.30E-15"
"7128.365399","3.41E-15"
"7130.198162","3.27E-15"
"7132.030925","3.52E-15"
"7133.863688","7.25E-15"
"7135.696451","2.39E-14"
"7137.529214","3.85E-14"
"7139.361976","3.77E-14"
"7141.194739","2.76E-14"
"7143.027502","1.35E-14"
"7144.860265","5.06E-15"
"7146.693028","3.15E-15"
"7148.525791","3.35E-15"
"7150.358554","3.25E-15"
"7152.191317","3.18E-15"
"7154.02408","3.14E-15"
"7155.856843","3.11E-15"
"7157.689606","3.19E-15"
"7159.522369","3.30E-15"
"7161.355132","3.19E-15"
"7163.187895","3.16E-15"
"7165.020657","3.20E-15"
"7166.85342","3.22E-15"
"7168.686183","3.24E-15"
"7170.518946","3.12E-15"
"7172.351709","3.05E-15"
"7174.184472","3.08E-15"
"7176.017235","3.10E-15"
"7177.849998","3.01E-15"
"7179.682761","2.87E-15"
"7181.515524","2.82E-15"
"7183.348287","2.83E-15"
"7185.18105","2.84E-15"
"7187.013813","2.92E-15"
"7188.846575","2.98E-15"
"7190.679338","2.99E-15"
"7192.512101","2.95E-15"
"7194.344864","2.89E-15"
"7196.177627","2.87E-15"
"7198.01039","3.04E-15"
"7199.843153","3.16E-15"
"7201.675916","3.20E-15"
"7203.508679","3.25E-15"
"7205.341442","3.23E-15"
"7207.174205","3.10E-15"
"7209.006968","3.00E-15"
"7210.839731","3.08E-15"
"7212.672493","3.26E-15"
"7214.505256","3.24E-15"
"7216.338019","3.05E-15"
"7218.170782","3.05E-15"
"7220.003545","3.10E-15"
"7221.836308","3.01E-15"
"7223.669071","3.02E-15"
"7225.501834","3.03E-15"
"7227.334597","3.01E-15"
"7229.16736","3.17E-15"
"7231.000123","3.50E-15"
"7232.832886","3.70E-15"
"7234.665649","4.12E-15"
"7236.498412","4.66E-15"
"7238.331174","4.91E-15"
"7240.163937","4.68E-15"
"7241.9967","4.12E-15"
"7243.829463","3.44E-15"
"7245.662226","2.95E-15"
"7247.494989","2.79E-15"
"7249.327752","2.87E-15"
"7251.160515","3.04E-15"
"7252.993278","3.13E-15"
"7254.826041","3.10E-15"
"7256.658804","3.13E-15"
"7258.491567","3.25E-15"
"7260.32433","3.18E-15"
"7262.157092","3.01E-15"
"7263.989855","2.93E-15"
"7265.822618","2.97E-15"
"7267.655381","3.02E-15"
"7269.488144","2.99E-15"
"7271.320907","3.01E-15"
"7273.15367","2.93E-15"
"7274.986433","2.82E-15"
"7276.819196","2.82E-15"
"7278.651959","3.05E-15"
"7280.484722","4.64E-15"
"7282.317485","6.86E-15"
"7284.150248","7.80E-15"
"7285.983011","6.77E-15"
"7287.815773","5.14E-15"
"7289.648536","3.57E-15"
"7291.481299","2.97E-15"
"7293.314062","3.06E-15"
"7295.146825","3.11E-15"
"7296.979588","3.18E-15"
"7298.812351","3.18E-15"
"7300.645114","3.15E-15"
"7302.477877","3.15E-15"
"7304.31064","3.11E-15"
"7306.143403","3.01E-15"
"7307.976166","3.04E-15"
"7309.808929","3.10E-15"
"7311.641691","3.18E-15"
"7313.474454","3.18E-15"
"7315.307217","3.00E-15"
"7317.13998","4.46E-15"
"7318.972743","1.30E-14"
"7320.805506","2.60E-14"
"7322.638269","3.35E-14"
"7324.471032","2.93E-14"
"7326.303795","1.91E-14"
"7328.136558","1.14E-14"
"7329.969321","1.46E-14"
"7331.802084","2.53E-14"
"7333.634847","2.68E-14"
"7335.467609","2.18E-14"
"7337.300372","1.28E-14"
"7339.133135","5.09E-15"
"7340.965898","3.15E-15"
"7342.798661","3.10E-15"
"7344.631424","3.07E-15"
"7346.464187","2.99E-15"
"7348.29695","3.08E-15"
"7350.129713","3.16E-15"
"7351.962476","3.07E-15"
"7353.795239","3.03E-15"
"7355.628002","2.99E-15"
"7357.460765","2.94E-15"
"7359.293528","2.97E-15"
"7361.12629","2.98E-15"
"7362.959053","3.06E-15"
"7364.791816","3.08E-15"
"7366.624579","2.98E-15"
"7368.457342","2.84E-15"
"7370.290105","2.77E-15"
"7372.122868","2.87E-15"
"7373.955631","2.89E-15"
"7375.788394","2.86E-15"
"7377.621157","2.96E-15"
"7379.45392","2.97E-15"
"7381.286683","2.98E-15"
"7383.119446","2.94E-15"
"7384.952208","2.95E-15"
"7386.784971","3.07E-15"
"7388.617734","3.06E-15"
"7390.450497","2.92E-15"
"7392.28326","2.96E-15"
"7394.116023","3.08E-15"
"7395.948786","2.91E-15"
"7397.781549","2.72E-15"
"7399.614312","2.79E-15"
"7401.447075","2.87E-15"
"7403.279838","2.88E-15"
"7405.112601","2.92E-15"
"7406.945364","2.85E-15"
"7408.778126","2.90E-15"
"7410.610889","2.86E-15"
"7412.443652","2.80E-15"
"7414.276415","3.00E-15"
"7416.109178","3.07E-15"
"7417.941941","3.00E-15"
"7419.774704","2.87E-15"
"7421.607467","2.87E-15"
"7423.44023","3.02E-15"
"7425.272993","2.89E-15"
"7427.105756","2.87E-15"
"7428.938519","2.92E-15"
"7430.771282","2.92E-15"
"7432.604045","2.97E-15"
"7434.436807","3.01E-15"
"7436.26957","2.87E-15"
"7438.102333","2.78E-15"
"7439.935096","2.85E-15"
"7441.767859","2.91E-15"
"7443.600622","3.07E-15"
"7445.433385","3.09E-15"
"7447.266148","3.09E-15"
"7449.098911","3.04E-15"
"7450.931674","2.79E-15"
"7452.764437","2.89E-15"
"7454.5972","3.05E-15"
"7456.429963","3.01E-15"
"7458.262725","2.91E-15"
"7460.095488","2.94E-15"
"7461.928251","2.85E-15"
"7463.761014","2.89E-15"
"7465.593777","3.01E-15"
"7467.42654","3.04E-15"
"7469.259303","2.97E-15"
"7471.092066","2.94E-15"
"7472.924829","2.99E-15"
"7474.757592","3.02E-15"
"7476.590355","2.96E-15"
"7478.423118","2.88E-15"
"7480.255881","2.89E-15"
"7482.088643","2.91E-15"
"7483.921406","2.95E-15"
"7485.754169","2.97E-15"
"7487.586932","2.90E-15"
"7489.419695","2.97E-15"
"7491.252458","3.08E-15"
"7493.085221","3.06E-15"
"7494.917984","2.97E-15"
"7496.750747","3.01E-15"
"7498.58351","2.96E-15"
"7500.416273","3.04E-15"
"7502.249036","3.15E-15"
"7504.081799","3.13E-15"
"7505.914562","3.09E-15"
"7507.747324","3.06E-15"
"7509.580087","2.95E-15"
"7511.41285","2.87E-15"
"7513.245613","2.95E-15"
"7515.078376","3.10E-15"
"7516.911139","3.01E-15"
"7518.743902","2.91E-15"
"7520.576665","2.94E-15"
"7522.409428","3.03E-15"
"7524.242191","3.10E-15"
"7526.074954","3.06E-15"
"7527.907717","2.89E-15"
"7529.74048","2.85E-15"
"7531.573242","3.03E-15"
"7533.406005","3.14E-15"
"7535.238768","3.06E-15"
"7537.071531","2.95E-15"
"7538.904294","2.91E-15"
"7540.737057","2.90E-15"
"7542.56982","2.92E-15"
"7544.402583","3.01E-15"
"7546.235346","3.01E-15"
"7548.068109","2.97E-15"
"7549.900872","2.97E-15"
"7551.733635","2.89E-15"
"7553.566398","2.78E-15"
"7555.39916","2.81E-15"
"7557.231923","2.97E-15"
"7559.064686","3.05E-15"
"7560.897449","2.91E-15"
"7562.730212","2.86E-15"
"7564.562975","2.90E-15"
"7566.395738","2.92E-15"
"7568.228501","2.88E-15"
"7570.061264","2.83E-15"
"7571.894027","2.90E-15"
"7573.72679","2.92E-15"
"7575.559553","2.96E-15"
"7577.392316","3.05E-15"
"7579.225079","3.02E-15"
"7581.057841","3.01E-15"
"7582.890604","3.02E-15"
"7584.723367","2.96E-15"
"7586.55613","2.90E-15"
"7588.388893","2.98E-15"
"7590.221656","2.87E-15"
"7592.054419","2.51E-15"
"7593.887182","2.11E-15"
"7595.719945","1.80E-15"
"7597.552708","1.50E-15"
"7599.385471","1.23E-15"
"7601.218234","1.06E-15"
"7603.050997","9.78E-16"
"7604.883759","9.13E-16"
"7606.716522","9.11E-16"
"7608.549285","9.69E-16"
"7610.382048","1.08E-15"
"7612.214811","1.27E-15"
"7614.047574","1.60E-15"
"7615.880337","2.06E-15"
"7617.7131","2.28E-15"
"7619.545863","2.28E-15"
"7621.378626","2.15E-15"
"7623.211389","1.93E-15"
"7625.044152","1.72E-15"
"7626.876915","1.66E-15"
"7628.709677","1.62E-15"
"7630.54244","1.63E-15"
"7632.375203","1.73E-15"
"7634.207966","1.74E-15"
"7636.040729","1.75E-15"
"7637.873492","1.76E-15"
"7639.706255","1.79E-15"
"7641.539018","1.90E-15"
"7643.371781","2.02E-15"
"7645.204544","2.06E-15"
"7647.037307","2.08E-15"
"7648.87007","2.13E-15"
"7650.702833","2.21E-15"
"7652.535596","2.29E-15"
"7654.368358","2.45E-15"
"7656.201121","2.46E-15"
"7658.033884","2.36E-15"
"7659.866647","2.40E-15"
"7661.69941","2.54E-15"
"7663.532173","2.45E-15"
"7665.364936","2.47E-15"
"7667.197699","2.59E-15"
"7669.030462","2.56E-15"
"7670.863225","2.60E-15"
"7672.695988","2.63E-15"
"7674.528751","2.65E-15"
"7676.361514","2.74E-15"
"7678.194276","2.86E-15"
"7680.027039","2.86E-15"
"7681.859802","2.80E-15"
"7683.692565","2.80E-15"
"7685.525328","2.89E-15"
"7687.358091","3.00E-15"
"7689.190854","3.02E-15"
"7691.023617","2.98E-15"
"7692.85638","2.98E-15"
"7694.689143","3.00E-15"
"7696.521906","2.91E-15"
"7698.354669","2.79E-15"
"7700.187432","2.86E-15"
"7702.020194","2.90E-15"
"7703.852957","2.86E-15"
"7705.68572","2.87E-15"
"7707.518483","2.90E-15"
"7709.351246","3.02E-15"
"7711.184009","3.06E-15"
"7713.016772","3.01E-15"
"7714.849535","2.99E-15"
"7716.682298","2.88E-15"
"7718.515061","2.95E-15"
"7720.347824","3.10E-15"
"7722.180587","3.11E-15"
"7724.01335","3.06E-15"
"7725.846113","3.01E-15"
"7727.678875","3.11E-15"
"7729.511638","3.07E-15"
"7731.344401","2.93E-15"
"7733.177164","2.98E-15"
"7735.009927","2.90E-15"
"7736.84269","2.95E-15"
"7738.675453","3.02E-15"
"7740.508216","3.01E-15"
"7742.340979","3.03E-15"
"7744.173742","3.05E-15"
"7746.006505","3.13E-15"
"7747.839268","2.75E-15"
"7749.672031","4.34E-15"
"7751.504793","9.64E-15"
"7753.337556","1.26E-14"
"7755.170319","1.19E-14"
"7757.003082","8.78E-15"
"7758.835845","5.32E-15"
"7760.668608","3.43E-15"
"7762.501371","3.10E-15"
"7764.334134","3.11E-15"
"7766.166897","3.04E-15"
"7767.99966","3.02E-15"
"7769.832423","3.02E-15"
"7771.665186","2.94E-15"
"7773.497949","2.95E-15"
"7775.330711","3.05E-15"
"7777.163474","3.07E-15"
"7778.996237","2.96E-15"
"7780.829","2.99E-15"
"7782.661763","3.03E-15"
"7784.494526","2.93E-15"
"7786.327289","2.87E-15"
"7788.160052","3.02E-15"
"7789.992815","3.03E-15"
"7791.825578","2.90E-15"
"7793.658341","2.84E-15"
"7795.491104","2.92E-15"
"7797.323867","3.02E-15"
"7799.15663","3.06E-15"
"7800.989392","3.08E-15"
"7802.822155","3.08E-15"
"7804.654918","3.02E-15"
"7806.487681","2.90E-15"
"7808.320444","2.96E-15"
"7810.153207","3.03E-15"
"7811.98597","3.05E-15"
"7813.818733","3.07E-15"
"7815.651496","3.15E-15"
"7817.484259","3.23E-15"
"7819.317022","3.13E-15"
"7821.149785","3.11E-15"
"7822.982548","3.19E-15"
"7824.81531","3.07E-15"
"7826.648073","3.02E-15"
"7828.480836","3.01E-15"
"7830.313599","3.00E-15"
"7832.146362","2.96E-15"
"7833.979125","2.88E-15"
"7835.811888","2.88E-15"
"7837.644651","2.91E-15"
"7839.477414","2.90E-15"
"7841.310177","2.93E-15"
"7843.14294","3.08E-15"
"7844.975703","3.08E-15"
"7846.808466","2.93E-15"
"7848.641228","2.89E-15"
"7850.473991","2.96E-15"
"7852.306754","2.92E-15"
"7854.139517","2.98E-15"
"7855.97228","3.07E-15"
"7857.805043","3.11E-15"
"7859.637806","3.06E-15"
"7861.470569","3.01E-15"
"7863.303332","3.06E-15"
"7865.136095","3.00E-15"
"7866.968858","2.89E-15"
"7868.801621","2.93E-15"
"7870.634384","3.05E-15"
"7872.467147","2.99E-15"
"7874.299909","2.94E-15"
"7876.132672","3.03E-15"
"7877.965435","3.15E-15"
"7879.798198","3.08E-15"
"7881.630961","2.99E-15"
"7883.463724","2.97E-15"
"7885.296487","2.93E-15"
"7887.12925","2.89E-15"
"7888.962013","2.96E-15"
"7890.794776","3.01E-15"
"7892.627539","3.00E-15"
"7894.460302","2.96E-15"
"7896.293065","2.95E-15"
"7898.125827","3.01E-15"
"7899.95859","2.95E-15"
"7901.791353","2.89E-15"
"7903.624116","2.91E-15"
"7905.456879","2.97E-15"
"7907.289642","2.95E-15"
"7909.122405","2.88E-15"
"7910.955168","2.80E-15"
"7912.787931","2.82E-15"
"7914.620694","2.90E-15"
"7916.453457","2.85E-15"
"7918.28622","2.90E-15"
"7920.118983","2.93E-15"
"7921.951745","2.88E-15"
"7923.784508","2.91E-15"
"7925.617271","2.96E-15"
"7927.450034","2.82E-15"
"7929.282797","2.81E-15"
"7931.11556","2.95E-15"
"7932.948323","2.98E-15"
"7934.781086","2.88E-15"
"7936.613849","2.84E-15"
"7938.446612","2.87E-15"
"7940.279375","2.92E-15"
"7942.112138","2.97E-15"
"7943.944901","2.93E-15"
"7945.777664","2.87E-15"
"7947.610426","2.83E-15"
"7949.443189","2.79E-15"
"7951.275952","2.78E-15"
"7953.108715","2.87E-15"
"7954.941478","2.91E-15"
"7956.774241","2.84E-15"
"7958.607004","2.78E-15"
"7960.439767","2.81E-15"
"7962.27253","2.85E-15"
"7964.105293","2.86E-15"
"7965.938056","2.80E-15"
"7967.770819","2.75E-15"
"7969.603582","2.78E-15"
"7971.436344","2.82E-15"
"7973.269107","2.81E-15"
"7975.10187","2.79E-15"
"7976.934633","2.81E-15"
"7978.767396","2.81E-15"
"7980.600159","2.68E-15"
"7982.432922","2.64E-15"
"7984.265685","2.68E-15"
"7986.098448","2.78E-15"
"7987.931211","2.93E-15"
"7989.763974","3.02E-15"
"7991.596737","2.84E-15"
"7993.4295","2.72E-15"
"7995.262262","2.77E-15"
"7997.095025","2.81E-15"
"7998.927788","2.77E-15"
"8000.760551","2.78E-15"
"8002.593314","2.87E-15"
"8004.426077","2.88E-15"
"8006.25884","2.75E-15"
"8008.091603","2.67E-15"
"8009.924366","2.76E-15"
"8011.757129","2.87E-15"
"8013.589892","2.83E-15"
"8015.422655","2.69E-15"
"8017.255418","2.71E-15"
"8019.088181","2.77E-15"
"8020.920943","2.74E-15"
"8022.753706","2.76E-15"
"8024.586469","2.86E-15"
"8026.419232","2.71E-15"
"8028.251995","2.73E-15"
"8030.084758","2.82E-15"
"8031.917521","2.80E-15"
"8033.750284","2.79E-15"
"8035.583047","2.78E-15"
"8037.41581","2.84E-15"
"8039.248573","2.90E-15"
"8041.081336","2.81E-15"
"8042.914099","2.64E-15"
"8044.746861","2.67E-15"
"8046.579624","2.74E-15"
"8048.412387","2.82E-15"
"8050.24515","2.90E-15"
"8052.077913","2.86E-15"
"8053.910676","2.77E-15"
"8055.743439","2.78E-15"
"8057.576202","2.77E-15"
"8059.408965","2.71E-15"
"8061.241728","2.72E-15"
"8063.074491","2.69E-15"
"8064.907254","2.75E-15"
"8066.740017","2.85E-15"
"8068.57278","2.84E-15"
"8070.405542","2.75E-15"
"8072.238305","2.79E-15"
"8074.071068","2.84E-15"
"8075.903831","2.77E-15"
"8077.736594","2.69E-15"
"8079.569357","2.71E-15"
"8081.40212","2.59E-15"
"8083.234883","2.70E-15"
"8085.067646","2.80E-15"
"8086.900409","2.68E-15"
"8088.733172","2.63E-15"
"8090.565935","2.77E-15"
"8092.398698","2.83E-15"
"8094.23146","2.74E-15"
"8096.064223","2.65E-15"
"8097.896986","2.73E-15"
"8099.729749","2.77E-15"
"8101.562512","2.69E-15"
"8103.395275","2.62E-15"
"8105.228038","2.63E-15"
"8107.060801","2.63E-15"
"8108.893564","2.65E-15"
"8110.726327","2.72E-15"
"8112.55909","2.83E-15"
"8114.391853","2.83E-15"
"8116.224616","2.66E-15"
"8118.057378","2.73E-15"
"8119.890141","2.71E-15"
"8121.722904","2.63E-15"
"8123.555667","2.68E-15"
"8125.38843","2.77E-15"
"8127.221193","2.75E-15"
"8129.053956","2.74E-15"
"8130.886719","2.65E-15"
"8132.719482","2.52E-15"
"8134.552245","2.62E-15"
"8136.385008","2.72E-15"
"8138.217771","2.68E-15"
"8140.050534","2.61E-15"
"8141.883297","2.63E-15"
"8143.716059","2.64E-15"
"8145.548822","2.60E-15"
"8147.381585","2.66E-15"
"8149.214348","2.73E-15"
"8151.047111","2.64E-15"
"8152.879874","2.53E-15"
"8154.712637","2.58E-15"
"8156.5454","2.68E-15"
"8158.378163","2.66E-15"
"8160.210926","2.57E-15"
"8162.043689","2.52E-15"
"8163.876452","2.47E-15"
"8165.709215","2.37E-15"
"8167.541977","2.41E-15"
"8169.37474","2.62E-15"
"8171.207503","2.67E-15"
"8173.040266","2.63E-15"
"8174.873029","2.64E-15"
"8176.705792","2.65E-15"
"8178.538555","2.57E-15"
"8180.371318","2.50E-15"
"8182.204081","2.54E-15"
"8184.036844","2.53E-15"
"8185.869607","2.53E-15"
"8187.70237","2.64E-15"
"8189.535133","2.76E-15"
"8191.367895","2.71E-15"
"8193.200658","2.59E-15"
"8195.033421","2.55E-15"
"8196.866184","2.60E-15"
"8198.698947","2.62E-15"
"8200.53171","2.62E-15"
"8202.364473","2.67E-15"
"8204.197236","2.77E-15"
"8206.029999","2.80E-15"
"8207.862762","2.75E-15"
"8209.695525","2.63E-15"
"8211.528288","2.60E-15"
"8213.361051","2.65E-15"
"8215.193814","2.71E-15"
"8217.026576","2.76E-15"
"8218.859339","2.72E-15"
"8220.692102","2.60E-15"
"8222.524865","2.54E-15"
"8224.357628","2.55E-15"
"8226.190391","2.37E-15"
"8228.023154","2.22E-15"
"8229.855917","2.25E-15"
"8231.68868","2.36E-15"
"8233.521443","2.46E-15"
"8235.354206","2.60E-15"
"8237.186969","2.52E-15"
"8239.019732","2.43E-15"
"8240.852494","2.42E-15"
"8242.685257","2.42E-15"
"8244.51802","2.51E-15"
"8246.350783","2.43E-15"
"8248.183546","2.38E-15"
"8250.016309","2.40E-15"
"8251.849072","2.40E-15"
"8253.681835","2.39E-15"
"8255.514598","2.31E-15"
"8257.347361","2.32E-15"
"8259.180124","2.37E-15"
"8261.012887","2.30E-15"
"8262.84565","2.31E-15"
"8264.678412","2.51E-15"
"8266.511175","2.60E-15"
"8268.343938","2.50E-15"
"8270.176701","2.41E-15"
"8272.009464","2.42E-15"
"8273.842227","2.33E-15"
"8275.67499","2.35E-15"
"8277.507753","2.43E-15"
"8279.340516","2.35E-15"
"8281.173279","2.22E-15"
"8283.006042","2.24E-15"
"8284.838805","2.23E-15"
"8286.671568","2.24E-15"
"8288.504331","2.30E-15"
"8290.337093","2.12E-15"
"8292.169856","2.14E-15"
"8294.002619","2.35E-15"
"8295.835382","2.38E-15"
"8297.668145","2.22E-15"
"8299.500908","2.39E-15"
"8301.333671","2.49E-15"
"8303.166434","2.34E-15"
"8304.999197","2.26E-15"
"8306.83196","2.39E-15"
"8308.664723","2.28E-15"
"8310.497486","2.13E-15"
"8312.330249","1.94E-15"
"8314.163011","2.03E-15"
"8315.995774","2.50E-15"
"8317.828537","2.47E-15"
"8319.6613","2.30E-15"
"8321.494063","2.03E-15"
"8323.326826","2.09E-15"
"8325.159589","2.62E-15"
"8326.992352","2.56E-15"
"8328.825115","2.27E-15"
"8330.657878","1.89E-15"
"8332.490641","1.86E-15"
"8334.323404","2.43E-15"
"8336.156167","2.68E-15"
"8337.988929","2.58E-15"
"8339.821692","2.29E-15"
"8341.654455","1.86E-15"
"8343.487218","1.67E-15"
"8345.319981","2.26E-15"
"8347.152744","2.86E-15"
"8348.985507","2.98E-15"
"8350.81827","2.63E-15"
"8352.651033","2.10E-15"
"8354.483796","1.74E-15"
"8356.316559","1.50E-15"
"8358.149322","1.82E-15"
"8359.982085","2.61E-15"
"8361.814848","3.10E-15"
"8363.64761","3.21E-15"
"8365.480373","2.92E-15"
"8367.313136","2.43E-15"
"8369.145899","1.96E-15"
"8370.978662","1.63E-15"
"8372.811425","1.61E-15"
"8374.644188","2.36E-15"
"8376.476951","3.10E-15"
"8378.309714","3.16E-15"
"8380.142477","2.76E-15"
"8381.97524","2.12E-15"
"8383.808003","1.85E-15"
"8385.640766","1.82E-15"
"8387.473528","1.72E-15"
"8389.306291","1.64E-15"
"8391.139054","1.90E-15"
"8392.971817","2.72E-15"
"8394.80458","3.30E-15"
"8396.637343","3.07E-15"
"8398.470106","2.43E-15"
"8400.302869","1.86E-15"
"8402.135632","1.67E-15"
"8403.968395","1.71E-15"
"8405.801158","1.76E-15"
"8407.633921","1.79E-15"
"8409.466684","1.83E-15"
"8411.299446","1.78E-15"
"8413.132209","2.26E-15"
"8414.964972","3.17E-15"
"8416.797735","3.50E-15"
"8418.630498","3.09E-15"
"8420.463261","2.37E-15"
"8422.296024","1.86E-15"
"8424.128787","1.75E-15"
"8425.96155","1.78E-15"
"8427.794313","1.66E-15"
"8429.627076","1.72E-15"
"8431.459839","1.74E-15"
"8433.292602","1.55E-15"
"8435.125365","1.54E-15"
"8436.958127","2.16E-15"
"8438.79089","3.27E-15"
"8440.623653","3.96E-15"
"8442.456416","3.72E-15"
"8444.289179","3.14E-15"
"8446.121942","2.84E-15"
"8447.954705","2.91E-15"
"8449.787468","3.07E-15"
"8451.620231","2.93E-15"
"8453.452994","2.40E-15"
"8455.285757","1.89E-15"
"8457.11852","1.74E-15"
"8458.951283","1.79E-15"
"8460.784045","1.79E-15"
"8462.616808","1.77E-15"
"8464.449571","1.68E-15"
"8466.282334","2.25E-15"
"8468.115097","3.53E-15"
"8469.94786","4.44E-15"
"8471.780623","4.01E-15"
"8473.613386","3.10E-15"
"8475.446149","2.30E-15"
"8477.278912","1.84E-15"
"8479.111675","1.75E-15"
"8480.944438","1.84E-15"
"8482.777201","1.78E-15"
"8484.609963","1.67E-15"
"8486.442726","1.73E-15"
"8488.275489","1.91E-15"
"8490.108252","1.92E-15"
"8491.941015","1.72E-15"
"8493.773778","1.62E-15"
"8495.606541","1.68E-15"
"8497.439304","1.69E-15"
"8499.272067","1.61E-15"
"8501.10483","2.19E-15"
"8502.937593","3.52E-15"
"8504.770356","4.64E-15"
"8506.603119","4.61E-15"
"8508.435882","3.56E-15"
"8510.268644","2.38E-15"
"8512.101407","1.80E-15"
"8513.93417","1.75E-15"
"8515.766933","1.75E-15"
"8517.599696","1.70E-15"
"8519.432459","1.80E-15"
"8521.265222","1.89E-15"
"8523.097985","1.85E-15"
"8524.930748","1.71E-15"
"8526.763511","1.59E-15"
"8528.596274","1.65E-15"
"8530.429037","1.74E-15"
"8532.2618","1.75E-15"
"8534.094562","1.71E-15"
"8535.927325","1.62E-15"
"8537.760088","1.54E-15"
"8539.592851","1.73E-15"
"8541.425614","1.86E-15"
"8543.258377","1.92E-15"
"8545.09114","2.90E-15"
"8546.923903","4.80E-15"
"8548.756666","5.48E-15"
"8550.589429","4.54E-15"
"8552.422192","3.21E-15"
"8554.254955","2.09E-15"
"8556.087718","1.71E-15"
"8557.92048","1.62E-15"
"8559.753243","1.66E-15"
"8561.586006","1.82E-15"
"8563.418769","1.73E-15"
"8565.251532","1.80E-15"
"8567.084295","1.77E-15"
"8568.917058","1.59E-15"
"8570.749821","1.52E-15"
"8572.582584","1.60E-15"
"8574.415347","1.71E-15"
"8576.24811","1.68E-15"
"8578.080873","1.75E-15"
"8579.913636","2.12E-15"
"8581.746399","2.45E-15"
"8583.579161","2.51E-15"
"8585.411924","2.48E-15"
"8587.244687","2.35E-15"
"8589.07745","1.99E-15"
"8590.910213","1.72E-15"
"8592.742976","1.73E-15"
"8594.575739","1.73E-15"
"8596.408502","2.03E-15"
"8598.241265","3.45E-15"
"8600.074028","5.74E-15"
"8601.906791","6.15E-15"
"8603.739554","5.08E-15"
"8605.572317","3.63E-15"
"8607.405079","2.26E-15"
"8609.237842","1.62E-15"
"8611.070605","1.57E-15"
"8612.903368","1.62E-15"
"8614.736131","1.57E-15"
"8616.568894","1.61E-15"
"8618.401657","1.82E-15"
"8620.23442","1.84E-15"
"8622.067183","1.80E-15"
"8623.899946","1.73E-15"
"8625.732709","1.56E-15"
"8627.565472","1.56E-15"
"8629.398235","1.79E-15"
"8631.230997","1.79E-15"
"8633.06376","1.66E-15"
"8634.896523","1.79E-15"
"8636.729286","1.83E-15"
"8638.562049","1.64E-15"
"8640.394812","1.62E-15"
"8642.227575","1.72E-15"
"8644.060338","1.63E-15"
"8645.893101","1.73E-15"
"8647.725864","1.79E-15"
"8649.558627","1.84E-15"
"8651.39139","1.92E-15"
"8653.224153","1.95E-15"
"8655.056916","1.89E-15"
"8656.889678","1.85E-15"
"8658.722441","1.83E-15"
"8660.555204","1.66E-15"
"8662.387967","1.61E-15"
"8664.22073","2.83E-15"
"8666.053493","6.07E-15"
"8667.886256","7.75E-15"
"8669.719019","6.65E-15"
"8671.551782","5.01E-15"
"8673.384545","2.90E-15"
"8675.217308","1.97E-15"
"8677.050071","1.88E-15"
"8678.882834","1.86E-15"
"8680.715596","1.95E-15"
"8682.548359","1.95E-15"
"8684.381122","1.85E-15"
"8686.213885","1.83E-15"
"8688.046648","1.82E-15"
"8689.879411","1.64E-15"
"8691.712174","1.70E-15"
"8693.544937","1.85E-15"
"8695.3777","1.88E-15"
"8697.210463","1.72E-15"
"8699.043226","1.54E-15"
"8700.875989","1.73E-15"
"8702.708752","1.78E-15"
"8704.541514","1.71E-15"
"8706.374277","1.65E-15"
"8708.20704","1.57E-15"
"8710.039803","1.87E-15"
"8711.872566","1.81E-15"
"8713.705329","1.75E-15"
"8715.538092","1.91E-15"
"8717.370855","1.79E-15"
"8719.203618","1.66E-15"
"8721.036381","1.64E-15"
"8722.869144","1.66E-15"
"8724.701907","1.62E-15"
"8726.53467","1.65E-15"
"8728.367433","1.94E-15"
"8730.200195","1.95E-15"
"8732.032958","1.84E-15"
"8733.865721","1.90E-15"
"8735.698484","2.04E-15"
"8737.531247","2.12E-15"
"8739.36401","1.91E-15"
"8741.196773","1.69E-15"
"8743.029536","1.72E-15"
"8744.862299","1.85E-15"
"8746.695062","1.83E-15"
"8748.527825","1.89E-15"
"8750.360588","4.42E-15"
"8752.193351","8.11E-15"
"8754.026113","8.53E-15"
"8755.858876","7.44E-15"
"8757.691639","4.65E-15"
"8759.524402","2.16E-15"
"8761.357165","1.58E-15"
"8763.189928","1.75E-15"
"8765.022691","1.67E-15"
"8766.855454","1.44E-15"
"8768.688217","1.44E-15"
"8770.52098","1.60E-15"
"8772.353743","1.58E-15"
"8774.186506","1.62E-15"
"8776.019269","1.76E-15"
"8777.852031","1.84E-15"
"8779.684794","1.82E-15"
"8781.517557","1.81E-15"
"8783.35032","1.74E-15"
"8785.183083","1.75E-15"
"8787.015846","1.60E-15"
"8788.848609","1.38E-15"
"8790.681372","1.55E-15"
"8792.514135","1.72E-15"
"8794.346898","1.82E-15"
"8796.179661","1.81E-15"
"8798.012424","1.80E-15"
"8799.845187","1.94E-15"
"8801.67795","1.78E-15"
"8803.510712","1.73E-15"
"8805.343475","1.83E-15"
"8807.176238","1.83E-15"
"8809.009001","1.77E-15"
"8810.841764","1.70E-15"
"8812.674527","1.73E-15"
"8814.50729","1.89E-15"
"8816.340053","1.92E-15"
"8818.172816","1.72E-15"
"8820.005579","1.71E-15"
"8821.838342","1.69E-15"
"8823.671105","1.50E-15"
"8825.503868","1.38E-15"
"8827.33663","1.57E-15"
"8829.169393","1.64E-15"
"8831.002156","1.74E-15"
"8832.834919","1.81E-15"
"8834.667682","1.71E-15"
"8836.500445","1.58E-15"
"8838.333208","1.43E-15"
"8840.165971","1.55E-15"
"8841.998734","1.73E-15"
"8843.831497","1.74E-15"
"8845.66426","1.93E-15"
"8847.497023","2.10E-15"
"8849.329786","2.14E-15"
"8851.162549","2.08E-15"
"8852.995311","1.93E-15"
"8854.828074","1.68E-15"
"8856.660837","1.87E-15"
"8858.4936","1.80E-15"
"8860.326363","1.92E-15"
"8862.159126","4.23E-15"
"8863.991889","9.06E-15"
"8865.824652","1.15E-14"
"8867.657415","1.01E-14"
"8869.490178","6.70E-15"
"8871.322941","3.56E-15"
"8873.155704","2.04E-15"
"8874.988467","1.90E-15"
"8876.821229","2.12E-15"
"8878.653992","1.99E-15"
"8880.486755","1.62E-15"
"8882.319518","1.52E-15"
"8884.152281","1.83E-15"
"8885.985044","1.86E-15"
"8887.817807","1.64E-15"
"8889.65057","1.69E-15"
"8891.483333","1.82E-15"
"8893.316096","1.87E-15"
"8895.148859","1.75E-15"
"8896.981622","1.63E-15"
"8898.814385","1.67E-15"
"8900.647147","1.74E-15"
"8902.47991","1.65E-15"
"8904.312673","1.66E-15"
"8906.145436","1.73E-15"
"8907.978199","1.69E-15"
"8909.810962","1.71E-15"
"8911.643725","1.87E-15"
"8913.476488","1.78E-15"
"8915.309251","1.64E-15"
"8917.142014","1.80E-15"
"8918.974777","1.87E-15"
"8920.80754","1.88E-15"
"8922.640303","1.86E-15"
"8924.473066","1.72E-15"
"8926.305828","1.55E-15"
"8928.138591","1.62E-15"
"8929.971354","1.77E-15"
"8931.804117","1.88E-15"
"8933.63688","1.89E-15"
"8935.469643","1.79E-15"
"8937.302406","1.69E-15"
"8939.135169","1.69E-15"
"8940.967932","1.65E-15"
"8942.800695","1.63E-15"
"8944.633458","1.65E-15"
"8946.466221","1.56E-15"
"8948.298984","1.84E-15"
"8950.131746","2.13E-15"
"8951.964509","2.16E-15"
"8953.797272","2.14E-15"
"8955.630035","2.10E-15"
"8957.462798","1.83E-15"
"8959.295561","1.53E-15"
"8961.128324","1.60E-15"
"8962.961087","1.91E-15"
"8964.79385","1.90E-15"
"8966.626613","1.79E-15"
"8968.459376","1.68E-15"
"8970.292139","1.54E-15"
"8972.124902","1.47E-15"
"8973.957664","1.51E-15"
"8975.790427","1.55E-15"
"8977.62319","1.57E-15"
"8979.455953","1.59E-15"
"8981.288716","1.61E-15"
"8983.121479","1.69E-15"
"8984.954242","1.70E-15"
"8986.787005","1.66E-15"
"8988.619768","1.59E-15"
"8990.452531","1.55E-15"
"8992.285294","1.61E-15"
"8994.118057","1.76E-15"
"8995.95082","1.89E-15"
"8997.783583","2.02E-15"
"8999.616345","2.20E-15"
"9001.449108","2.14E-15"
"9003.281871","1.97E-15"
"9005.114634","1.79E-15"
"9006.947397","1.64E-15"
"9008.78016","1.56E-15"
"9010.612923","1.47E-15"
"9012.445686","1.83E-15"
"9014.278449","5.17E-15"
"9016.111212","1.11E-14"
"9017.943975","1.48E-14"
"9019.776738","1.29E-14"
"9021.609501","8.71E-15"
"9023.442263","4.56E-15"
"9025.275026","1.89E-15"
"9027.107789","1.69E-15"
"9028.940552","1.82E-15"
"9030.773315","1.78E-15"
"9032.606078","1.71E-15"
"9034.438841","1.70E-15"
"9036.271604","1.72E-15"
"9038.104367","1.84E-15"
"9039.93713","1.82E-15"
"9041.769893","1.66E-15"
"9043.602656","1.62E-15"
"9045.435419","1.81E-15"
"9047.268181","1.84E-15"
"9049.100944","1.64E-15"
"9050.933707","1.56E-15"
"9052.76647","1.74E-15"
"9054.599233","1.94E-15"
"9056.431996","2.03E-15"
"9058.264759","2.18E-15"
"9060.097522","1.98E-15"
"9061.930285","2.28E-15"
"9063.763048","2.97E-15"
"9065.595811","8.01E-16"
"9067.428574","1.03E-14"
"9069.261337","4.36E-14"
"9071.0941","7.96E-14"
"9072.926862","8.32E-14"
"9074.759625","6.35E-14"
"9076.592388","3.36E-14"
"9078.425151","1.08E-14"
"9080.257914","3.24E-15"
"9082.090677","3.32E-15"
"9083.92344","2.82E-15"
"9085.756203","2.37E-15"
"9087.588966","2.43E-15"
"9089.421729","2.10E-15"
"9091.254492","1.70E-15"
"9093.087255","1.75E-15"
"9094.920018","1.96E-15"
"9096.75278","2.04E-15"
"9098.585543","1.96E-15"
"9100.418306","1.83E-15"
"9102.251069","1.73E-15"
"9104.083832","1.71E-15"
"9105.916595","1.60E-15"
"9107.749358","1.44E-15"
"9109.582121","1.45E-15"
"9111.414884","1.48E-15"
"9113.247647","1.67E-15"
"9115.08041","1.83E-15"
"9116.913173","1.81E-15"
"9118.745936","1.85E-15"
"9120.578698","1.86E-15"
"9122.411461","1.93E-15"
"9124.244224","1.96E-15"
"9126.076987","1.90E-15"
"9127.90975","1.91E-15"
"9129.742513","1.71E-15"
"9131.575276","1.69E-15"
"9133.408039","1.65E-15"
"9135.240802","1.40E-15"
"9137.073565","1.46E-15"
"9138.906328","1.62E-15"
"9140.739091","1.81E-15"
"9142.571854","1.79E-15"
"9144.404617","1.69E-15"
"9146.237379","1.94E-15"
"9148.070142","1.79E-15"
"9149.902905","1.66E-15"
"9151.735668","1.76E-15"
"9153.568431","1.70E-15"
"9155.401194","1.41E-15"
"9157.233957","1.67E-15"
"9159.06672","1.81E-15"
"9160.899483","1.74E-15"
"9162.732246","1.88E-15"
"9164.565009","1.98E-15"
"9166.397772","1.94E-15"
"9168.230535","1.69E-15"
"9170.063297","1.47E-15"
"9171.89606","1.44E-15"
"9173.728823","1.46E-15"
"9175.561586","1.85E-15"
"9177.394349","2.09E-15"
"9179.227112","2.07E-15"
"9181.059875","2.00E-15"
"9182.892638","1.74E-15"
"9184.725401","1.65E-15"
"9186.558164","1.76E-15"
"9188.390927","1.74E-15"
"9190.22369","1.65E-15"
"9192.056453","1.85E-15"
"9193.889215","1.76E-15"
"9195.721978","1.65E-15"
"9197.554741","1.67E-15"
"9199.387504","1.62E-15"
"9201.220267","1.64E-15"
"9203.05303","1.78E-15"
"9204.885793","1.87E-15"
"9206.718556","1.76E-15"
"9208.551319","1.61E-15"
"9210.384082","1.88E-15"
"9212.216845","2.56E-15"
"9214.049608","2.71E-15"
"9215.882371","2.44E-15"
"9217.715134","2.32E-15"
"9219.547896","1.97E-15"
"9221.380659","1.99E-15"
"9223.213422","2.18E-15"
"9225.046185","1.83E-15"
"9226.878948","2.44E-15"
"9228.711711","7.93E-15"
"9230.544474","1.78E-14"
"9232.377237","2.14E-14"
"9234.21","1.71E-14"
"9236.042763","1.12E-14"
"9237.875526","4.85E-15"
"9239.708289","2.39E-15"
"9241.541052","2.14E-15"
"9243.373814","1.87E-15"
"9245.206577","1.71E-15"
"9247.03934","1.82E-15"
"9248.872103","1.85E-15"
"9250.704866","1.81E-15"
"9252.537629","1.82E-15"
"9254.370392","1.79E-15"
"9256.203155","1.61E-15"
"9258.035918","1.73E-15"
"9259.868681","1.83E-15"
"9261.701444","1.58E-15"
"9263.534207","1.30E-15"
"9265.36697","1.51E-15"
"9267.199732","1.57E-15"
"9269.032495","1.62E-15"
"9270.865258","1.82E-15"
"9272.698021","1.87E-15"
"9274.530784","1.63E-15"
"9276.363547","1.65E-15"
"9278.19631","1.72E-15"
"9280.029073","1.60E-15"
"9281.861836","1.57E-15"
"9283.694599","1.70E-15"
"9285.527362","1.69E-15"
"9287.360125","1.57E-15"
"9289.192888","1.61E-15"
"9291.025651","1.75E-15"
"9292.858413","1.71E-15"
"9294.691176","1.64E-15"
"9296.523939","1.43E-15"
"9298.356702","1.30E-15"
"9300.189465","1.51E-15"
"9302.022228","1.51E-15"
"9303.854991","1.35E-15"
"9305.687754","1.28E-15"
"9307.520517","1.29E-15"
"9309.35328","1.37E-15"
"9311.186043","1.74E-15"
"9313.018806","1.78E-15"
"9314.851569","1.22E-15"
"9316.684331","1.03E-15"
"9318.517094","1.64E-15"
"9320.349857","1.34E-15"
"9322.18262","9.60E-16"
"9324.015383","1.22E-15"
"9325.848146","1.63E-15"
"9327.680909","1.55E-15"
"9329.513672","1.51E-15"
"9331.346435","1.55E-15"
"9333.179198","1.36E-15"
"9335.011961","1.12E-15"
"9336.844724","1.22E-15"
"9338.677487","1.15E-15"
"9340.510249","9.61E-16"
"9342.343012","1.11E-15"
"9344.175775","1.36E-15"
"9346.008538","1.22E-15"
"9347.841301","1.44E-15"
"9349.674064","1.63E-15"
"9351.506827","1.52E-15"
"9353.33959","1.21E-15"
"9355.172353","1.02E-15"
"9357.005116","1.29E-15"
"9358.837879","1.14E-15"
"9360.670642","1.04E-15"
"9362.503405","1.35E-15"
"9364.336168","1.43E-15"
"9366.16893","1.33E-15"
"9368.001693","1.19E-15"
"9369.834456","1.33E-15"
"9371.667219","1.47E-15"
"9373.499982","1.24E-15"
"9375.332745","1.47E-15"
"9377.165508","1.52E-15"
"9378.998271","1.12E-15"
"9380.831034","8.49E-16"
"9382.663797","1.07E-15"
"9384.49656","1.15E-15"
"9386.329323","1.01E-15"
"9388.162086","1.05E-15"
"9389.994848","1.32E-15"
"9391.827611","1.42E-15"
"9393.660374","1.57E-15"
"9395.493137","1.62E-15"
"9397.3259","1.52E-15"
"9399.158663","1.53E-15"
"9400.991426","1.79E-15"
"9402.824189","1.67E-15"
"9404.656952","1.41E-15"
"9406.489715","1.56E-15"
"9408.322478","1.80E-15"
"9410.155241","1.48E-15"
"9411.988004","1.40E-15"
"9413.820766","1.62E-15"
"9415.653529","1.88E-15"
"9417.486292","1.94E-15"
"9419.319055","1.72E-15"
"9421.151818","1.37E-15"
"9422.984581","1.47E-15"
"9424.817344","1.65E-15"
"9426.650107","1.45E-15"
"9428.48287","1.32E-15"
"9430.315633","1.52E-15"
"9432.148396","1.67E-15"
"9433.981159","1.61E-15"
"9435.813922","1.53E-15"
"9437.646685","1.51E-15"
"9439.479447","1.13E-15"
"9441.31221","6.10E-16"
"9443.144973","8.27E-16"
"9444.977736","1.54E-15"
"9446.810499","1.42E-15"
"9448.643262","1.28E-15"
"9450.476025","1.02E-15"
"9452.308788","8.10E-16"
"9454.141551","9.75E-16"
"9455.974314","1.27E-15"
"9457.807077","1.30E-15"
"9459.63984","1.50E-15"
"9461.472603","1.77E-15"
"9463.305365","1.83E-15"
"9465.138128","1.96E-15"
"9466.970891","2.65E-15"
"9468.803654","2.55E-15"
"9470.636417","1.79E-15"
"9472.46918","1.44E-15"
"9474.301943","1.53E-15"
"9476.134706","1.67E-15"
"9477.967469","1.61E-15"
"9479.800232","1.46E-15"
"9481.632995","1.36E-15"
"9483.465758","1.29E-15"
"9485.298521","1.29E-15"
"9487.131283","1.11E-15"
"9488.964046","1.12E-15"
"9490.796809","1.42E-15"
"9492.629572","1.35E-15"
"9494.462335","1.56E-15"
"9496.295098","1.71E-15"
"9498.127861","1.58E-15"
"9499.960624","1.40E-15"
"9501.793387","1.27E-15"
"9503.62615","1.05E-15"
"9505.458913","1.09E-15"
"9507.291676","1.42E-15"
"9509.124439","1.70E-15"
"9510.957202","1.83E-15"
"9512.789964","1.84E-15"
"9514.622727","1.89E-15"
"9516.45549","2.19E-15"
"9518.288253","2.81E-15"
"9520.121016","3.42E-15"
"9521.953779","3.39E-15"
"9523.786542","3.08E-15"
"9525.619305","4.65E-15"
"9527.452068","4.05E-15"
"9529.284831","9.89E-15"
"9531.117594","9.46E-14"
"9532.950357","1.94E-13"
"9534.78312","2.25E-13"
"9536.615882","1.78E-13"
"9538.448645","9.90E-14"
"9540.281408","3.44E-14"
"9542.114171","7.87E-15"
"9543.946934","7.48E-15"
"9545.779697","1.32E-14"
"9547.61246","2.36E-14"
"9549.445223","2.73E-14"
"9551.277986","2.29E-14"
"9553.110749","1.45E-14"
"9554.943512","6.76E-15"
"9556.776275","3.62E-15"
"9558.609038","3.10E-15"
"9560.441801","2.62E-15"
"9562.274563","2.14E-15"
"9564.107326","2.25E-15"
"9565.940089","1.71E-15"
"9567.772852","1.27E-15"
"9569.605615","1.52E-15"
"9571.438378","1.81E-15"
"9573.271141","1.55E-15"
"9575.103904","1.46E-15"
"9576.936667","1.37E-15"
"9578.76943","1.51E-15"
"9580.602193","1.61E-15"
"9582.434956","1.36E-15"
"9584.267719","1.41E-15"
"9586.100481","1.28E-15"
"9587.933244","1.35E-15"
"9589.766007","1.43E-15"
"9591.59877","1.18E-15"
"9593.431533","1.47E-15"
"9595.264296","1.46E-15"
"9597.097059","1.64E-15"
"9598.929822","1.74E-15"
"9600.762585","1.21E-15"
"9602.595348","1.45E-15"
"9604.428111","1.64E-15"
"9606.260874","1.62E-15"
"9608.093637","1.66E-15"
"9609.926399","1.66E-15"
"9611.759162","1.38E-15"
"9613.591925","1.38E-15"
"9615.424688","1.53E-15"
"9617.257451","1.60E-15"
"9619.090214","1.44E-15"
"9620.922977","8.64E-16"
"9622.75574","9.41E-16"
"9624.588503","7.75E-16"
"9626.421266","7.65E-16"
"9628.254029","1.82E-15"
"9630.086792","1.67E-15"
"9631.919555","1.56E-15"
"9633.752318","1.51E-15"
"9635.58508","1.29E-15"
"9637.417843","1.33E-15"
"9639.250606","1.28E-15"
"9641.083369","1.09E-15"
"9642.916132","1.45E-15"
"9644.748895","1.67E-15"
"9646.581658","9.41E-16"
"9648.414421","1.22E-15"
"9650.247184","1.27E-15"
"9652.079947","1.28E-15"
"9653.91271","1.64E-15"
"9655.745473","1.73E-15"
"9657.578236","1.64E-15"
"9659.410998","1.54E-15"
"9661.243761","1.13E-15"
"9663.076524","8.84E-16"
"9664.909287","1.53E-15"
"9666.74205","1.94E-15"
"9668.574813","1.44E-15"
"9670.407576","1.38E-15"
"9672.240339","1.68E-15"
"9674.073102","9.71E-16"
"9675.905865","8.96E-16"
"9677.738628","7.72E-16"
"9679.571391","9.18E-16"
"9681.404154","1.28E-15"
"9683.236916","1.08E-15"
"9685.069679","1.25E-15"
"9686.902442","1.49E-15"
"9688.735205","1.33E-15"
"9690.567968","1.11E-15"
"9692.400731","1.31E-15"
"9694.233494","1.34E-15"
"9696.066257","1.45E-15"
"9697.89902","1.41E-15"
"9699.731783","1.21E-15"
"9701.564546","1.35E-15"
"9703.397309","1.65E-15"
"9705.230072","2.21E-15"
"9707.062835","2.14E-15"
"9708.895597","1.67E-15"
"9710.72836","2.20E-15"
"9712.561123","2.79E-15"
"9714.393886","2.47E-15"
"9716.226649","1.67E-15"
"9718.059412","1.34E-15"
"9719.892175","1.51E-15"
"9721.724938","1.26E-15"
"9723.557701","1.44E-15"
"9725.390464","1.65E-15"
"9727.223227","1.61E-15"
"9729.05599","1.86E-15"
"9730.888753","1.37E-15"
"9732.721515","1.18E-15"
"9734.554278","1.59E-15"
"9736.387041","2.24E-15"
"9738.219804","3.12E-15"
"9740.052567","3.72E-15"
"9741.88533","2.36E-15"
"9743.718093","1.07E-15"
"9745.550856","1.37E-15"
"9747.383619","1.41E-15"
"9749.216382","1.49E-15"
"9751.049145","1.31E-15"
"9752.881908","1.27E-15"
"9754.714671","1.69E-15"
"9756.547433","1.89E-15"
"9758.380196","1.29E-15"
"9760.212959","8.27E-16"
"9762.045722","1.09E-15"
"9763.878485","1.41E-15"
"9765.711248","1.02E-15"
"9767.544011","1.11E-15"
"9769.376774","1.56E-15"
"9771.209537","1.51E-15"
"9773.0423","1.13E-15"
"9774.875063","1.56E-15"
"9776.707826","2.20E-15"
"9778.540589","1.96E-15"
"9780.373352","1.72E-15"
"9782.206114","1.85E-15"
"9784.038877","1.18E-15"
"9785.87164","1.60E-15"
"9787.704403","2.11E-15"
"9789.537166","1.89E-15"
"9791.369929","1.34E-15"
"9793.202692","1.02E-15"
"9795.035455","1.58E-15"
"9796.868218","1.72E-15"
"9798.700981","1.09E-15"
"9800.533744","7.80E-16"
"9802.366507","1.31E-15"
"9804.19927","1.29E-15"
"9806.032032","1.43E-15"
"9807.864795","1.49E-15"
"9809.697558","1.04E-15"
"9811.530321","1.22E-15"
"9813.363084","1.74E-15"
"9815.195847","1.69E-15"
"9817.02861","1.61E-15"
"9818.861373","1.94E-15"
"9820.694136","1.71E-15"
"9822.526899","1.93E-15"
"9824.359662","2.28E-15"
"9826.192425","2.15E-15"
"9828.025188","1.63E-15"
"9829.85795","1.18E-15"
"9831.690713","8.96E-16"
"9833.523476","1.57E-15"
"9835.356239","2.54E-15"
"9837.189002","2.59E-15"
"9839.021765","2.06E-15"
"9840.854528","1.91E-15"
"9842.687291","1.69E-15"
"9844.520054","1.14E-15"
"9846.352817","8.04E-16"
"9848.18558","9.78E-16"
"9850.018343","1.15E-15"
"9851.851106","1.49E-15"
"9853.683869","1.90E-15"
"9855.516631","2.27E-15"
"9857.349394","2.74E-15"
"9859.182157","2.06E-15"
"9861.01492","9.86E-16"
"9862.847683","7.17E-16"
"9864.680446","1.34E-15"
"9866.513209","2.03E-15"
"9868.345972","2.16E-15"
"9870.178735","1.71E-15"
"9872.011498","1.20E-15"
"9873.844261","1.15E-15"
"9875.677024","1.40E-15"
"9877.509787","1.33E-15"
"9879.342549","1.53E-15"
"9881.175312","1.58E-15"
"9883.008075","1.10E-15"
"9884.840838","1.41E-15"
"9886.673601","1.28E-15"
"9888.506364","1.44E-15"
"9890.339127","1.95E-15"
"9892.17189","1.79E-15"
"9894.004653","1.22E-15"
"9895.837416","6.39E-16"
"9897.670179","1.45E-15"
"9899.502942","3.04E-15"
"9901.335705","3.64E-15"
"9903.168467","3.79E-15"
"9905.00123","4.50E-15"
"9906.833993","3.60E-15"
"9908.666756","2.07E-15"
"9910.499519","1.99E-15"
"9912.332282","7.62E-16"
"9914.165045","1.75E-15"
"9915.997808","2.68E-15"
"9917.830571","2.07E-15"
"9919.663334","1.90E-15"
"9921.496097","2.37E-15"
"9923.32886","2.37E-15"
"9925.161623","1.91E-15"
"9926.994386","1.46E-15"
"9928.827148","1.17E-15"
